1.0f,1.3561e-8f,7.7214e-9f,
0.691942f,-0.721953f,5.944e-9f,
0.965926f,1.3099e-8f,-0.258819f,
0.668365f,-0.721953f,-0.179088f,
0.866025f,1.1744e-8f,-0.5f,
0.59924f,-0.721953f,-0.345971f,
0.707107f,9.5892e-9f,-0.707107f,
0.489277f,-0.721953f,-0.489277f,
0.5f,6.7806e-9f,-0.866025f,
0.345972f,-0.721953f,-0.599239f,
0.258819f,3.5099e-9f,-0.965926f,
0.179089f,-0.721953f,-0.668364f,
0.0f,0.0f,-1.0f,
1.0e-6f,-0.721953f,-0.691942f,
-0.258819f,-3.5099e-9f,-0.965926f,
-0.179088f,-0.721953f,-0.668365f,
-0.5f,-6.7806e-9f,-0.866025f,
-0.345973f,-0.721953f,-0.599239f,
-0.707107f,-9.5892e-9f,-0.707107f,
-0.489278f,-0.721953f,-0.489276f,
-0.866025f,-1.1744e-8f,-0.5f,
-0.59924f,-0.721952f,-0.345971f,
-0.965926f,-1.3099e-8f,-0.258819f,
-0.668365f,-0.721953f,-0.179087f,
-1.0f,-1.3561e-8f,-7.7214e-9f,
-0.691942f,-0.721953f,-4.7415e-9f,
-0.965926f,-1.3099e-8f,0.258819f,
-0.668366f,-0.721952f,0.179087f,
-0.866025f,-1.1744e-8f,0.5f,
-0.59924f,-0.721952f,0.345971f,
-0.707107f,-9.5892e-9f,0.707107f,
-0.489277f,-0.721953f,0.489277f,
-0.5f,-6.7806e-9f,0.866025f,
-0.345971f,-0.721953f,0.59924f,
-0.258819f,-3.5099e-9f,0.965926f,
-0.179087f,-0.721953f,0.668365f,
0.0f,0.0f,1.0f,
1.0e-6f,-0.721953f,0.691942f,
0.258819f,3.5099e-9f,0.965926f,
0.179089f,-0.721953f,0.668365f,
0.5f,6.7806e-9f,0.866025f,
0.345974f,-0.721952f,0.599239f,
0.707107f,9.5892e-9f,0.707107f,
0.707107f,9.5892e-9f,0.707107f,
0.489279f,-0.721952f,0.489276f,
0.866025f,1.1744e-8f,0.5f,
0.59924f,-0.721953f,0.345971f,
0.965926f,1.3099e-8f,0.25882f,
0.668365f,-0.721953f,0.179088f,
1.0f,1.3561e-8f,7.7214e-9f,
0.557536f,-0.830153f,4.9963e-9f,
0.965926f,1.3099e-8f,-0.258819f,
0.538538f,-0.830153f,-0.144301f,
0.866025f,1.1744e-8f,-0.5f,
0.48284f,-0.830153f,-0.278768f,
0.707107f,9.5892e-9f,-0.707107f,
0.394238f,-0.830153f,-0.394238f,
0.5f,6.7806e-9f,-0.866025f,
0.278767f,-0.830153f,-0.482841f,
0.258819f,3.5099e-9f,-0.965926f,
0.1443f,-0.830153f,-0.538539f,
0.0f,0.0f,-1.0f,
3.0e-6f,-0.830153f,-0.557536f,
-0.258819f,-3.5099e-9f,-0.965926f,
-0.144298f,-0.830153f,-0.538539f,
-0.5f,-6.7806e-9f,-0.866025f,
-0.278767f,-0.830153f,-0.482841f,
-0.707107f,-9.5892e-9f,-0.707107f,
-0.394238f,-0.830153f,-0.394237f,
-0.866025f,-1.1744e-8f,-0.5f,
-0.482841f,-0.830152f,-0.278768f,
-0.965926f,-1.3099e-8f,-0.258819f,
-0.538538f,-0.830153f,-0.144301f,
-1.0f,-1.3561e-8f,-7.7214e-9f,
-0.557536f,-0.830153f,-3.6136e-9f,
-0.965926f,-1.3099e-8f,0.258819f,
-0.538539f,-0.830153f,0.144301f,
-0.866025f,-1.1744e-8f,0.5f,
-0.48284f,-0.830153f,0.278768f,
-0.707107f,-9.5892e-9f,0.707107f,
-0.394237f,-0.830153f,0.394238f,
-0.5f,-6.7806e-9f,0.866025f,
-0.278766f,-0.830153f,0.482841f,
-0.258819f,-3.5099e-9f,0.965926f,
-0.144303f,-0.830153f,0.538538f,
0.0f,0.0f,1.0f,
0.0f,-0.830153f,0.557536f,
0.258819f,3.5099e-9f,0.965926f,
0.144303f,-0.830152f,0.538538f,
0.5f,6.7806e-9f,0.866025f,
0.278766f,-0.830153f,0.482841f,
0.707107f,9.5892e-9f,0.707107f,
0.707107f,9.5892e-9f,0.707107f,
0.394235f,-0.830154f,0.394238f,
0.866025f,1.1744e-8f,0.5f,
0.482839f,-0.830153f,0.278768f,
0.965926f,1.3099e-8f,0.25882f,
0.538539f,-0.830152f,0.144301f,
0.0f,-1.0f,8.3278e-10f,
0.0f,-1.0f,8.3278e-10f,
-1.0e-6f,-1.0f,8.3277e-10f,
-2.0e-6f,-1.0f,8.3277e-10f,
0.0f,-1.0f,8.3278e-10f,
3.0e-6f,-1.0f,8.3281e-10f,
0.0f,-1.0f,8.3278e-10f,
0.0f,-1.0f,8.3278e-10f,
1.0e-6f,-1.0f,8.3279e-10f,
-1.0e-6f,-1.0f,8.3277e-10f,
-1.0e-6f,-1.0f,8.3277e-10f,
0.0f,-1.0f,8.3278e-10f,
0.0f,-1.0f,8.3278e-10f,
0.0f,-1.0f,8.3278e-10f,
0.0f,-1.0f,8.3278e-10f,
-1.0e-6f,-1.0f,8.3277e-10f,
-3.0e-6f,-1.0f,8.3276e-10f,
0.0f,-1.0f,8.3278e-10f,
3.0e-6f,-1.0f,8.3281e-10f,
0.0f,-1.0f,8.3278e-10f,
-1.0e-6f,-1.0f,8.3277e-10f,
0.0f,-1.0f,8.3278e-10f,
-1.0e-6f,-1.0f,8.3277e-10f,
0.0f,-1.0f,8.3278e-10f,
1.0e-6f,-1.0f,8.3279e-10f,
-1.0e-6f,-1.0f,8.3277e-10f,
-0.345973f,-0.721953f,-0.599239f,
-1.0e-6f,-1.0f,8.3277e-10f,
-0.489278f,-0.721953f,-0.489277f,
0.0f,-1.0f,8.3278e-10f,
-0.59924f,-0.721953f,-0.345971f,
0.0f,-1.0f,8.3278e-10f,
-0.668365f,-0.721953f,-0.179088f,
0.0f,-1.0f,8.3278e-10f,
-0.691942f,-0.721953f,-4.7415e-9f,
0.0f,-1.0f,8.3278e-10f,
-0.668366f,-0.721952f,0.179087f,
-1.0e-6f,-1.0f,8.3277e-10f,
-0.59924f,-0.721952f,0.345971f,
-3.0e-6f,-1.0f,8.3276e-10f,
-0.489277f,-0.721953f,0.489277f,
0.0f,-1.0f,8.3278e-10f,
-0.34597f,-0.721953f,0.59924f,
3.0e-6f,-1.0f,8.3281e-10f,
-0.179087f,-0.721953f,0.668365f,
0.0f,-1.0f,8.3278e-10f,
1.0e-6f,-0.721953f,0.691942f,
-1.0e-6f,-1.0f,8.3277e-10f,
0.179089f,-0.721953f,0.668365f,
0.0f,-1.0f,8.3278e-10f,
0.345974f,-0.721952f,0.599239f,
-1.0e-6f,-1.0f,8.3277e-10f,
0.489279f,-0.721952f,0.489276f,
0.0f,-1.0f,8.3278e-10f,
0.59924f,-0.721953f,0.345971f,
1.0e-6f,-1.0f,8.3279e-10f,
0.668365f,-0.721953f,0.179088f,
0.0f,-1.0f,8.3278e-10f,
0.691942f,-0.721953f,5.944e-9f,
-1.0e-6f,-1.0f,8.3277e-10f,
0.668365f,-0.721953f,-0.179088f,
-2.0e-6f,-1.0f,8.3277e-10f,
0.59924f,-0.721953f,-0.345971f,
0.0f,-1.0f,8.3278e-10f,
0.489277f,-0.721953f,-0.489277f,
3.0e-6f,-1.0f,8.3281e-10f,
0.345972f,-0.721953f,-0.599239f,
0.0f,-1.0f,8.3278e-10f,
0.179089f,-0.721953f,-0.668364f,
0.0f,-1.0f,8.3278e-10f,
1.0e-6f,-0.721953f,-0.691942f,
1.0e-6f,-1.0f,8.3279e-10f,
-0.179088f,-0.721953f,-0.668365f,
0.0f,-1.0f,8.3278e-10f,
0.775848f,1.0521e-8f,-0.63092f,
0.0f,-1.0f,8.3278e-10f,
0.991412f,1.3445e-8f,-0.130772f,
0.0f,-1.0f,8.3278e-10f,
-0.775847f,-1.0521e-8f,-0.630921f,
0.0f,-1.0f,8.3278e-10f,
-0.644948f,-8.7462e-9f,-0.764226f,
-0.644948f,-8.7462e-9f,-0.764226f,
0.0f,-1.0f,8.3278e-10f,
-0.04273f,-5.7947e-10f,-0.999087f,
0.0f,-1.0f,8.3278e-10f,
0.04273f,5.7947e-10f,-0.999087f,
0.0f,-1.0f,8.3278e-10f,
0.644948f,8.7462e-9f,-0.764227f,
0.644948f,8.7462e-9f,-0.764227f,
0.0f,-1.0f,8.3278e-10f,
-0.991412f,-1.3445e-8f,-0.130773f,
0.0f,-1.0f,8.3278e-10f,
-0.707111f,-9.5892e-9f,0.707102f,
0.0f,0.0f,1.0f,
0.0f,-1.0f,8.3278e-10f,
-0.707111f,-9.5892e-9f,0.707102f,
-1.0f,-1.3561e-8f,-7.7214e-9f,
0.0f,-1.0f,8.3278e-10f,
0.707112f,9.5892e-9f,0.707101f,
1.0f,1.3561e-8f,7.7214e-9f,
0.0f,-1.0f,8.3278e-10f,
0.0f,0.0f,1.0f,
0.707112f,9.5892e-9f,0.707101f,
-0.707111f,-9.5892e-9f,0.707102f,
-1.0f,-1.3561e-8f,-7.7214e-9f,
0.0f,-1.0f,8.3278e-10f,
0.0f,-1.0f,8.3278e-10f,
0.0f,-1.0f,8.3278e-10f,
-0.707111f,-9.5892e-9f,0.707102f,
0.0f,0.0f,1.0f,
-1.0e-6f,-1.0f,8.3277e-10f,
0.0f,-1.0f,8.3278e-10f,
1.0e-6f,-1.0f,8.3279e-10f,
0.0f,0.0f,1.0f,
0.0f,-1.0f,8.3278e-10f,
1.0e-6f,-1.0f,8.3279e-10f,
0.0f,0.0f,1.0f,
0.0f,-1.0f,8.3278e-10f,
-1.0e-6f,-1.0f,8.3277e-10f,
0.0f,0.0f,1.0f,
0.707112f,9.5892e-9f,0.707101f,
1.0e-6f,-1.0f,8.3279e-10f,
0.0f,-1.0f,8.3278e-10f,
0.707112f,9.5892e-9f,0.707101f,
1.0f,1.3561e-8f,7.7214e-9f,
0.0f,-1.0f,8.3278e-10f,
-1.0e-6f,-1.0f,8.3277e-10f,
0.991412f,1.3445e-8f,-0.130772f,
-1.0e-6f,-1.0f,8.3277e-10f,
0.925809f,1.2555e-8f,-0.377991f,
-1.0e-6f,-1.0f,8.3277e-10f,
0.0f,-1.0f,8.3278e-10f,
0.775848f,1.0521e-8f,-0.63092f,
0.0f,-1.0f,8.3278e-10f,
0.71424f,9.6859e-9f,-0.699901f,
0.0f,-1.0f,8.3278e-10f,
0.0f,-1.0f,8.3278e-10f,
0.644948f,8.7462e-9f,-0.764227f,
0.644948f,8.7462e-9f,-0.764227f,
2.0e-6f,-1.0f,8.328e-10f,
0.0f,-1.0f,8.3278e-10f,
0.0f,-1.0f,8.3278e-10f,
0.0f,-1.0f,8.3278e-10f,
0.04273f,5.7947e-10f,-0.999087f,
0.0f,-1.0f,8.3278e-10f,
0.0f,-1.0f,8.3278e-10f,
-0.04273f,-5.7947e-10f,-0.999087f,
0.0f,-1.0f,8.3278e-10f,
1.0e-6f,-1.0f,8.3279e-10f,
-0.644948f,-8.7462e-9f,-0.764226f,
-0.644948f,-8.7462e-9f,-0.764226f,
1.0e-6f,-1.0f,8.3279e-10f,
0.0f,-1.0f,8.3278e-10f,
0.0f,-1.0f,8.3278e-10f,
0.0f,-1.0f,8.3278e-10f,
-0.71424f,-1.0097e-6f,-0.699901f,
0.0f,-1.0f,8.3278e-10f,
0.0f,-1.0f,8.3278e-10f,
-0.775847f,-1.0521e-8f,-0.630921f,
0.0f,-1.0f,8.3278e-10f,
-0.925808f,-1.2555e-8f,-0.377994f,
0.0f,-1.0f,8.3278e-10f,
0.0f,-1.0f,8.3278e-10f,
-0.991412f,-1.3445e-8f,-0.130773f,
0.0f,-1.0f,8.3278e-10f,
0.697276f,-0.697276f,0.166168f,
0.668093f,-0.668092f,0.327575f,
0.544768f,-0.819653f,0.177193f,
0.527071f,-0.774311f,0.350197f,
0.819653f,-0.544768f,0.177193f,
0.774312f,-0.52707f,0.350196f,
0.697277f,-0.16617f,0.697275f,
0.697277f,-0.16617f,0.697275f,
0.668093f,-0.327573f,0.668093f,
0.668093f,-0.327573f,0.668093f,
0.819653f,-0.177195f,0.544767f,
0.774313f,-0.350196f,0.52707f,
0.544766f,-0.177195f,0.819653f,
0.527069f,-0.350195f,0.774313f,
0.166169f,-0.697277f,0.697275f,
0.327574f,-0.668093f,0.668092f,
0.177193f,-0.544767f,0.819653f,
0.350195f,-0.52707f,0.774313f,
0.177193f,-0.819652f,0.544769f,
0.350195f,-0.774312f,0.527071f,
0.367148f,-0.854637f,0.367149f,
0.50381f,-0.701676f,0.503812f,
0.623626f,-0.623626f,0.471361f,
0.701675f,-0.503811f,0.503812f,
0.854637f,-0.367148f,0.367149f,
0.623626f,-0.471361f,0.623626f,
0.623626f,-0.471361f,0.623626f,
0.623626f,-0.471361f,0.623626f,
0.503812f,-0.503812f,0.701675f,
0.367148f,-0.367148f,0.854637f,
0.47136f,-0.623628f,0.623625f,
0.57735f,-0.577351f,0.57735f,
-0.697276f,-0.697277f,0.166168f,
-0.668092f,-0.668092f,0.327574f,
-0.819653f,-0.544768f,0.177193f,
-0.774313f,-0.52707f,0.350195f,
-0.544768f,-0.819653f,0.177192f,
-0.52707f,-0.774312f,0.350197f,
-0.166168f,-0.697277f,0.697276f,
-0.327574f,-0.668092f,0.668093f,
-0.177194f,-0.819652f,0.544768f,
-0.350197f,-0.774311f,0.527071f,
-0.177193f,-0.544767f,0.819653f,
-0.350196f,-0.52707f,0.774313f,
-0.697276f,-0.166169f,0.697276f,
-0.697276f,-0.166169f,0.697276f,
-0.668093f,-0.327572f,0.668093f,
-0.668093f,-0.327572f,0.668093f,
-0.544767f,-0.177194f,0.819653f,
-0.52707f,-0.350194f,0.774314f,
-0.819653f,-0.177195f,0.544767f,
-0.774313f,-0.350195f,0.52707f,
-0.854638f,-0.367148f,0.367147f,
-0.701675f,-0.503811f,0.503812f,
-0.623625f,-0.623627f,0.471361f,
-0.503811f,-0.701675f,0.503812f,
-0.367149f,-0.854636f,0.367149f,
-0.471361f,-0.623626f,0.623626f,
-0.503812f,-0.503811f,0.701675f,
-0.367148f,-0.367147f,0.854637f,
-0.623626f,-0.471362f,0.623626f,
-0.623626f,-0.471362f,0.623626f,
-0.623626f,-0.471362f,0.623626f,
-0.57735f,-0.57735f,0.57735f,
0.697276f,-0.16617f,-0.697276f,
0.697276f,-0.16617f,-0.697276f,
0.668093f,-0.327573f,-0.668093f,
0.668093f,-0.327573f,-0.668093f,
0.544767f,-0.177195f,-0.819653f,
0.52707f,-0.350196f,-0.774312f,
0.819653f,-0.177194f,-0.544767f,
0.774312f,-0.350196f,-0.52707f,
0.697276f,-0.697276f,-0.166168f,
0.668093f,-0.668092f,-0.327575f,
0.819652f,-0.544768f,-0.177193f,
0.774312f,-0.52707f,-0.350196f,
0.544768f,-0.819653f,-0.177193f,
0.527071f,-0.774312f,-0.350196f,
0.166169f,-0.697276f,-0.697276f,
0.327574f,-0.668092f,-0.668093f,
0.177193f,-0.819652f,-0.544769f,
0.350196f,-0.774311f,-0.527072f,
0.177193f,-0.544768f,-0.819652f,
0.350196f,-0.527071f,-0.774312f,
0.367149f,-0.367149f,-0.854636f,
0.503812f,-0.503811f,-0.701675f,
0.623626f,-0.471361f,-0.623626f,
0.623626f,-0.471361f,-0.623626f,
0.623626f,-0.471361f,-0.623626f,
0.701675f,-0.503811f,-0.503812f,
0.854637f,-0.367148f,-0.367149f,
0.623625f,-0.623626f,-0.471361f,
0.503811f,-0.701675f,-0.503812f,
0.367149f,-0.854636f,-0.367149f,
0.47136f,-0.623626f,-0.623626f,
0.57735f,-0.577351f,-0.577351f,
-0.697276f,-0.16617f,-0.697276f,
-0.697276f,-0.16617f,-0.697276f,
-0.668093f,-0.327573f,-0.668093f,
-0.668093f,-0.327573f,-0.668093f,
-0.819653f,-0.177195f,-0.544767f,
-0.774313f,-0.350196f,-0.52707f,
-0.544767f,-0.177195f,-0.819653f,
-0.52707f,-0.350196f,-0.774313f,
-0.166169f,-0.697276f,-0.697276f,
-0.327574f,-0.668093f,-0.668092f,
-0.177193f,-0.544769f,-0.819652f,
-0.350196f,-0.527071f,-0.774312f,
-0.177193f,-0.819652f,-0.544768f,
-0.350197f,-0.774312f,-0.527071f,
-0.697276f,-0.697277f,-0.166168f,
-0.668092f,-0.668093f,-0.327574f,
-0.544768f,-0.819653f,-0.177193f,
-0.527071f,-0.774312f,-0.350196f,
-0.819653f,-0.544767f,-0.177193f,
-0.774313f,-0.52707f,-0.350195f,
-0.854637f,-0.367148f,-0.367148f,
-0.701675f,-0.503811f,-0.503812f,
-0.623625f,-0.471362f,-0.623626f,
-0.623625f,-0.471362f,-0.623626f,
-0.623625f,-0.471362f,-0.623626f,
-0.503812f,-0.503812f,-0.701674f,
-0.367149f,-0.367148f,-0.854637f,
-0.47136f,-0.623627f,-0.623625f,
-0.503811f,-0.701675f,-0.503812f,
-0.367149f,-0.854636f,-0.367149f,
-0.623625f,-0.623626f,-0.471361f,
-0.57735f,-0.577351f,-0.57735f,
0.0f,-1.0f,8.3278e-10f,
-0.866025f,-1.1744e-8f,-0.500001f,
0.0f,-1.0f,8.3278e-10f,
-0.707106f,-9.5892e-9f,-0.707108f,
-0.707106f,-9.5892e-9f,-0.707108f,
0.0f,-1.0f,8.3278e-10f,
0.0f,-1.0f,8.3278e-10f,
-0.965926f,-1.3099e-8f,-0.258819f,
0.0f,-1.0f,8.3278e-10f,
-1.0f,-1.3561e-8f,-7.7214e-9f,
0.0f,-1.0f,8.3278e-10f,
-0.965926f,-1.3099e-8f,0.258819f,
0.0f,-1.0f,8.3278e-10f,
-0.866026f,-1.1744e-8f,0.499999f,
0.0f,-1.0f,8.3278e-10f,
-0.707106f,-9.5892e-9f,0.707108f,
0.0f,-1.0f,8.3278e-10f,
-0.499999f,-6.7806e-9f,0.866026f,
0.0f,-1.0f,8.3278e-10f,
-0.25882f,-3.5099e-9f,0.965926f,
0.0f,-1.0f,8.3278e-10f,
0.0f,0.0f,1.0f,
0.0f,-1.0f,8.3278e-10f,
0.258819f,3.5099e-9f,0.965926f,
0.0f,-1.0f,8.3278e-10f,
0.5f,6.7806e-9f,0.866025f,
0.0f,-1.0f,8.3278e-10f,
0.707106f,9.5892e-9f,0.707107f,
0.0f,-1.0f,8.3278e-10f,
0.866025f,1.1744e-8f,0.500001f,
0.0f,-1.0f,8.3278e-10f,
0.965926f,1.3099e-8f,0.258819f,
0.0f,-1.0f,8.3278e-10f,
1.0f,1.3561e-8f,7.7214e-9f,
0.0f,-1.0f,8.3278e-10f,
0.965926f,1.3099e-8f,-0.258819f,
0.0f,-1.0f,8.3278e-10f,
0.866024f,1.1744e-8f,-0.500002f,
0.0f,-1.0f,8.3278e-10f,
0.707106f,9.5892e-9f,-0.707107f,
0.0f,-1.0f,8.3278e-10f,
0.500001f,6.7806e-9f,-0.866025f,
0.0f,-1.0f,8.3278e-10f,
0.258819f,3.5099e-9f,-0.965926f,
0.0f,-1.0f,8.3278e-10f,
1.0e-6f,0.0f,-1.0f,
0.0f,-1.0f,8.3278e-10f,
-0.258819f,-3.5099e-9f,-0.965926f,
0.0f,-1.0f,8.3278e-10f,
-0.5f,-6.7806e-9f,-0.866025f,
-0.707106f,-9.5892e-9f,-0.707108f,
-0.707106f,-9.5892e-9f,-0.707108f,
0.0f,-1.0f,8.3278e-10f,
0.0f,-1.0f,8.3278e-10f,
-0.866025f,-1.1744e-8f,-0.500001f,
0.0f,-1.0f,8.3278e-10f,
0.0f,-1.0f,8.3278e-10f,
-0.965926f,-1.3099e-8f,-0.258819f,
0.0f,-1.0f,8.3278e-10f,
0.0f,-1.0f,8.3278e-10f,
-1.0f,-1.3561e-8f,-7.7214e-9f,
0.0f,-1.0f,8.3278e-10f,
0.0f,-1.0f,8.3278e-10f,
-0.965926f,-1.3099e-8f,0.258819f,
0.0f,-1.0f,8.3278e-10f,
0.0f,-1.0f,8.3278e-10f,
-0.866026f,-1.1744e-8f,0.499999f,
0.0f,-1.0f,8.3278e-10f,
1.0e-6f,-1.0f,8.3279e-10f,
-0.707106f,-9.5892e-9f,0.707108f,
1.0e-6f,-1.0f,8.3279e-10f,
0.0f,-1.0f,8.3278e-10f,
-0.499999f,-6.7806e-9f,0.866026f,
0.0f,-1.0f,8.3278e-10f,
0.0f,-1.0f,8.3278e-10f,
-0.25882f,-3.5099e-9f,0.965926f,
0.0f,-1.0f,8.3278e-10f,
0.0f,-1.0f,8.3278e-10f,
0.0f,0.0f,1.0f,
1.0e-6f,-1.0f,8.3279e-10f,
0.0f,-1.0f,8.3278e-10f,
0.258819f,3.5099e-9f,0.965926f,
1.0e-6f,-1.0f,8.3279e-10f,
1.0e-6f,-1.0f,8.3279e-10f,
0.5f,6.7806e-9f,0.866025f,
0.0f,-1.0f,8.3278e-10f,
1.0e-6f,-1.0f,8.3279e-10f,
0.707106f,9.5892e-9f,0.707107f,
0.0f,-1.0f,8.3278e-10f,
1.0e-6f,-1.0f,8.3279e-10f,
0.866025f,1.1744e-8f,0.500001f,
1.0e-6f,-1.0f,8.3279e-10f,
-1.0e-6f,-1.0f,8.3277e-10f,
0.965926f,1.3099e-8f,0.258819f,
-1.0e-6f,-1.0f,8.3277e-10f,
-1.0e-6f,-1.0f,8.3277e-10f,
1.0e-6f,-1.0f,8.3279e-10f,
0.0f,-1.0f,8.3278e-10f,
1.0f,1.3561e-8f,7.7214e-9f,
0.0f,-1.0f,8.3278e-10f,
0.0f,-1.0f,8.3278e-10f,
0.965926f,1.3099e-8f,-0.258819f,
-1.0e-6f,-1.0f,8.3277e-10f,
0.0f,-1.0f,8.3278e-10f,
1.0e-6f,-1.0f,8.3279e-10f,
0.0f,-1.0f,8.3278e-10f,
0.866024f,1.1744e-8f,-0.500002f,
0.0f,-1.0f,8.3278e-10f,
0.0f,-1.0f,8.3278e-10f,
0.707106f,9.5892e-9f,-0.707107f,
-1.0e-6f,-1.0f,8.3277e-10f,
0.0f,-1.0f,8.3278e-10f,
0.500001f,6.7806e-9f,-0.866025f,
0.0f,-1.0f,8.3278e-10f,
-1.0e-6f,-1.0f,8.3277e-10f,
0.258819f,3.5099e-9f,-0.965926f,
0.0f,-1.0f,8.3278e-10f,
0.0f,-1.0f,8.3278e-10f,
1.0e-6f,0.0f,-1.0f,
0.0f,-1.0f,8.3278e-10f,
0.0f,-1.0f,8.3278e-10f,
-0.258819f,-3.5099e-9f,-0.965926f,
0.0f,-1.0f,8.3278e-10f,
-0.5f,-6.7806e-9f,-0.866025f,
0.0f,-1.0f,8.3278e-10f,
0.0f,-1.0f,8.3278e-10f,
0.866025f,1.1744e-8f,-0.500001f,
0.0f,-1.0f,8.3278e-10f,
0.707106f,9.5892e-9f,-0.707107f,
0.707106f,9.5892e-9f,-0.707107f,
0.0f,-1.0f,8.3278e-10f,
0.707107f,9.5892e-9f,-0.707106f,
0.0f,-1.0f,8.3278e-10f,
0.866026f,1.1744e-8f,-0.5f,
1.0e-6f,-1.0f,8.3279e-10f,
0.5f,6.7806e-9f,-0.866025f,
1.0e-6f,-1.0f,8.3279e-10f,
0.5f,6.7806e-9f,-0.866025f,
1.0e-6f,-1.0f,8.3279e-10f,
0.258819f,3.5099e-9f,-0.965926f,
1.0e-6f,-1.0f,8.3279e-10f,
0.258819f,3.5099e-9f,-0.965926f,
1.0e-6f,-1.0f,8.3279e-10f,
0.0f,0.0f,-1.0f,
1.0e-6f,-1.0f,8.3279e-10f,
1.0e-6f,0.0f,-1.0f,
0.0f,-1.0f,8.3278e-10f,
-0.258819f,-3.5099e-9f,-0.965926f,
0.0f,-1.0f,8.3278e-10f,
-0.258818f,-3.5099e-9f,-0.965926f,
-1.0e-6f,-1.0f,8.3277e-10f,
-0.5f,-6.7806e-9f,-0.866025f,
-1.0e-6f,-1.0f,8.3277e-10f,
-0.5f,-6.7806e-9f,-0.866026f,
0.0f,-1.0f,8.3278e-10f,
-0.707106f,-9.5892e-9f,-0.707108f,
0.0f,-1.0f,8.3278e-10f,
-0.707106f,-9.5892e-9f,-0.707107f,
-0.707106f,-9.5892e-9f,-0.707107f,
0.0f,-1.0f,8.3278e-10f,
-0.866025f,-1.1744e-8f,-0.500001f,
0.0f,-1.0f,8.3278e-10f,
-0.866025f,-1.1744e-8f,-0.5f,
0.0f,-1.0f,8.3278e-10f,
-0.965926f,-1.3099e-8f,-0.258819f,
0.0f,-1.0f,8.3278e-10f,
-0.965926f,-1.3099e-8f,-0.258819f,
1.0e-6f,-1.0f,8.3279e-10f,
-1.0f,-1.3561e-8f,-7.7214e-9f,
1.0e-6f,-1.0f,8.3279e-10f,
-1.0f,-1.3561e-8f,-7.7214e-9f,
0.0f,-1.0f,8.3278e-10f,
-0.965926f,-1.3099e-8f,0.258819f,
0.0f,-1.0f,8.3278e-10f,
-0.965926f,-1.3099e-8f,0.258819f,
-1.0e-6f,-1.0f,8.3277e-10f,
-0.866025f,-1.1744e-8f,0.500001f,
-1.0e-6f,-1.0f,8.3277e-10f,
-0.866025f,-1.1744e-8f,0.5f,
0.0f,-1.0f,8.3278e-10f,
-0.707106f,-9.5892e-9f,0.707108f,
0.0f,-1.0f,8.3278e-10f,
-0.707107f,-9.5892e-9f,0.707106f,
1.0e-6f,-1.0f,8.3279e-10f,
-0.500002f,-6.7806e-9f,0.866024f,
1.0e-6f,-1.0f,8.3279e-10f,
-0.5f,-6.7806e-9f,0.866025f,
0.0f,-1.0f,8.3278e-10f,
-0.258821f,-3.5099e-9f,0.965925f,
0.0f,-1.0f,8.3278e-10f,
-0.258819f,-3.5099e-9f,0.965926f,
0.0f,-1.0f,8.3278e-10f,
0.0f,0.0f,1.0f,
0.0f,-1.0f,8.3278e-10f,
0.0f,0.0f,1.0f,
0.0f,-1.0f,8.3278e-10f,
0.258819f,3.5099e-9f,0.965926f,
0.0f,-1.0f,8.3278e-10f,
0.258819f,3.5099e-9f,0.965926f,
0.0f,-1.0f,8.3278e-10f,
0.5f,6.7806e-9f,0.866026f,
0.0f,-1.0f,8.3278e-10f,
0.5f,6.7806e-9f,0.866026f,
0.0f,-1.0f,8.3278e-10f,
0.707107f,9.5892e-9f,0.707106f,
0.0f,-1.0f,8.3278e-10f,
0.707107f,9.5892e-9f,0.707107f,
0.0f,-1.0f,8.3278e-10f,
0.866025f,1.1744e-8f,0.5f,
0.0f,-1.0f,8.3278e-10f,
0.866026f,1.1744e-8f,0.499999f,
0.0f,-1.0f,8.3278e-10f,
0.965926f,1.3099e-8f,0.25882f,
0.0f,-1.0f,8.3278e-10f,
0.965926f,1.3099e-8f,0.258819f,
-1.0e-6f,-1.0f,8.3277e-10f,
1.0f,1.3561e-8f,-9.9228e-7f,
-1.0e-6f,-1.0f,8.3277e-10f,
1.0f,1.3561e-8f,-9.9228e-7f,
0.0f,-1.0f,8.3278e-10f,
0.965925f,1.3099e-8f,-0.258821f,
0.0f,-1.0f,8.3278e-10f,
0.965926f,1.3099e-8f,-0.25882f,
0.866026f,1.1744e-8f,-0.5f,
1.0e-6f,-1.0f,8.3279e-10f,
0.0f,-1.0f,8.3278e-10f,
0.707107f,9.5892e-9f,-0.707106f,
0.0f,-1.0f,8.3278e-10f,
0.0f,-1.0f,8.3278e-10f,
0.5f,6.7806e-9f,-0.866025f,
-5.0e-6f,-1.0f,8.3274e-10f,
0.0f,-1.0f,8.3278e-10f,
0.258819f,3.5099e-9f,-0.965926f,
0.0f,-1.0f,8.3278e-10f,
-5.0e-6f,-1.0f,8.3274e-10f,
1.0e-6f,0.0f,-1.0f,
0.0f,-1.0f,8.3278e-10f,
0.0f,-1.0f,8.3278e-10f,
-0.258818f,-3.5099e-9f,-0.965926f,
0.0f,-1.0f,8.3278e-10f,
-1.0e-6f,-1.0f,8.3277e-10f,
-0.5f,-6.7806e-9f,-0.866026f,
0.0f,-1.0f,8.3278e-10f,
-1.0e-6f,-1.0f,8.3277e-10f,
-0.707106f,-9.5892e-9f,-0.707107f,
-0.707106f,-9.5892e-9f,-0.707107f,
0.0f,-1.0f,8.3278e-10f,
2.0e-6f,-1.0f,8.328e-10f,
-0.866025f,-1.1744e-8f,-0.5f,
2.0e-6f,-1.0f,8.328e-10f,
-1.0e-6f,-1.0f,8.3277e-10f,
0.0f,-1.0f,8.3278e-10f,
-0.965926f,-1.3099e-8f,-0.258819f,
0.0f,-1.0f,8.3278e-10f,
0.0f,-1.0f,8.3278e-10f,
-1.0f,-1.3561e-8f,-7.7214e-9f,
0.0f,-1.0f,8.3278e-10f,
1.0e-6f,-1.0f,8.3279e-10f,
-0.965926f,-1.3099e-8f,0.258819f,
1.0e-6f,-1.0f,8.3279e-10f,
0.0f,-1.0f,8.3278e-10f,
-0.866025f,-1.1744e-8f,0.5f,
-2.0e-6f,-1.0f,8.3277e-10f,
0.0f,-1.0f,8.3278e-10f,
1.0e-6f,-1.0f,8.3279e-10f,
-0.707107f,-9.5892e-9f,0.707106f,
0.0f,-1.0f,8.3278e-10f,
-2.0e-6f,-1.0f,8.3277e-10f,
-0.5f,-6.7806e-9f,0.866025f,
2.0e-6f,-1.0f,8.328e-10f,
0.0f,-1.0f,8.3278e-10f,
-0.258819f,-3.5099e-9f,0.965926f,
0.0f,-1.0f,8.3278e-10f,
2.0e-6f,-1.0f,8.328e-10f,
0.0f,0.0f,1.0f,
0.0f,-1.0f,8.3278e-10f,
0.0f,-1.0f,8.3278e-10f,
0.258819f,3.5099e-9f,0.965926f,
0.0f,-1.0f,8.3278e-10f,
-4.0e-6f,-1.0f,8.3275e-10f,
0.5f,6.7806e-9f,0.866026f,
0.0f,-1.0f,8.3278e-10f,
-4.0e-6f,-1.0f,8.3275e-10f,
0.707107f,9.5892e-9f,0.707107f,
0.0f,-1.0f,8.3278e-10f,
0.0f,-1.0f,8.3278e-10f,
0.866026f,1.1744e-8f,0.499999f,
0.0f,-1.0f,8.3278e-10f,
0.0f,-1.0f,8.3278e-10f,
0.965926f,1.3099e-8f,0.258819f,
0.0f,-1.0f,8.3278e-10f,
0.0f,-1.0f,8.3278e-10f,
1.0f,1.3561e-8f,-9.9228e-7f,
0.0f,-1.0f,8.3278e-10f,
0.0f,-1.0f,8.3278e-10f,
0.965926f,1.3099e-8f,-0.25882f,
0.0f,-1.0f,8.3278e-10f,
1.0e-6f,-1.0f,8.3279e-10f,
-2.0e-6f,-1.0f,8.3277e-10f,
-0.5f,-6.7806e-9f,-0.866025f,
0.0f,-1.0f,8.3278e-10f,
-0.258817f,-3.5099e-9f,-0.965926f,
0.0f,-1.0f,8.3278e-10f,
0.0f,-1.0f,8.3278e-10f,
0.0f,-1.0f,8.3278e-10f,
0.0f,-1.0f,8.3278e-10f,
-0.707105f,-9.5891e-9f,-0.707108f,
2.0e-6f,-1.0f,8.328e-10f,
-0.866024f,-1.1744e-8f,-0.500003f,
0.0f,-1.0f,8.3278e-10f,
-0.965926f,-1.3099e-8f,-0.258819f,
0.0f,-1.0f,8.3278e-10f,
-1.0f,-1.3561e-8f,-7.7214e-9f,
0.0f,-1.0f,8.3278e-10f,
-0.965926f,-1.3099e-8f,0.258819f,
0.0f,-1.0f,8.3278e-10f,
-0.866024f,-1.1744e-8f,0.500003f,
0.0f,-1.0f,8.3278e-10f,
-0.707106f,-9.5892e-9f,0.707107f,
-0.707106f,-9.5892e-9f,0.707107f,
0.0f,-1.0f,8.3278e-10f,
-0.500001f,-6.7806e-9f,0.866025f,
0.0f,-1.0f,8.3278e-10f,
-0.258822f,-3.5099e-9f,0.965925f,
0.0f,-1.0f,8.3278e-10f,
0.0f,-1.0f,8.3278e-10f,
-0.130531f,-1.7701e-9f,0.991444f,
0.0f,0.0f,1.0f,
0.0f,-1.0f,8.3278e-10f,
0.0f,-1.0f,8.3278e-10f,
0.0f,-1.0f,8.3278e-10f,
0.0f,-1.0f,8.3278e-10f,
0.0f,-1.0f,8.3278e-10f,
0.0f,0.0f,1.0f,
0.13053f,1.7701e-9f,0.991444f,
0.0f,-1.0f,8.3278e-10f,
0.258821f,3.5099e-9f,0.965925f,
2.0e-6f,-1.0f,8.328e-10f,
0.500003f,6.7806e-9f,0.866024f,
0.0f,-1.0f,8.3278e-10f,
0.707106f,9.5892e-9f,0.707107f,
0.707106f,9.5892e-9f,0.707107f,
-2.0e-6f,-1.0f,8.3277e-10f,
0.866024f,1.1744e-8f,0.500002f,
0.0f,-1.0f,8.3278e-10f,
0.965925f,1.3099e-8f,0.258821f,
0.0f,-1.0f,8.3278e-10f,
1.0f,1.3561e-8f,7.7214e-9f,
0.0f,-1.0f,8.3278e-10f,
0.965925f,1.3099e-8f,-0.258821f,
0.0f,-1.0f,8.3278e-10f,
0.866024f,1.1744e-8f,-0.500002f,
0.0f,-1.0f,8.3278e-10f,
0.707106f,9.5892e-9f,-0.707107f,
0.0f,-1.0f,8.3278e-10f,
0.500003f,6.7806e-9f,-0.866024f,
0.0f,-1.0f,8.3278e-10f,
0.258816f,3.5098e-9f,-0.965927f,
0.0f,-1.0f,8.3278e-10f,
0.0f,-1.0f,8.3278e-10f,
0.130519f,1.77e-9f,-0.991446f,
0.0f,0.0f,-1.0f,
0.0f,-1.0f,8.3278e-10f,
0.0f,-1.0f,8.3278e-10f,
0.0f,0.0f,-1.0f,
-0.130521f,-1.77e-9f,-0.991446f,
-0.258817f,-3.5099e-9f,-0.965926f,
-0.00001f,-1.0f,8.3271e-10f,
0.0f,-1.0f,8.3278e-10f,
-0.5f,-6.7806e-9f,-0.866025f,
0.0f,-1.0f,8.3278e-10f,
0.0f,-1.0f,8.3278e-10f,
-0.707105f,-9.5891e-9f,-0.707108f,
0.0f,-1.0f,8.3278e-10f,
0.0f,-1.0f,8.3278e-10f,
-0.866024f,-1.1744e-8f,-0.500003f,
1.0e-6f,-1.0f,8.3279e-10f,
0.0f,-1.0f,8.3278e-10f,
-0.965926f,-1.3099e-8f,-0.258819f,
0.0f,-1.0f,8.3278e-10f,
1.0e-6f,-1.0f,8.3279e-10f,
-1.0f,-1.3561e-8f,-7.7214e-9f,
0.0f,-1.0f,8.3278e-10f,
0.0f,-1.0f,8.3278e-10f,
-0.965926f,-1.3099e-8f,0.258819f,
0.0f,-1.0f,8.3278e-10f,
0.0f,-1.0f,8.3278e-10f,
-0.866024f,-1.1744e-8f,0.500003f,
0.0f,-1.0f,8.3278e-10f,
0.0f,-1.0f,8.3278e-10f,
-0.707106f,-9.5892e-9f,0.707107f,
-0.707106f,-9.5892e-9f,0.707107f,
0.0f,-1.0f,8.3278e-10f,
0.0f,-1.0f,8.3278e-10f,
-0.500001f,-6.7806e-9f,0.866025f,
5.0e-6f,-1.0f,8.3282e-10f,
0.0f,-1.0f,8.3278e-10f,
-0.258822f,-3.5099e-9f,0.965925f,
5.0e-6f,-1.0f,8.3282e-10f,
-5.0e-6f,-1.0f,8.3274e-10f,
-0.130531f,-1.7701e-9f,0.991444f,
0.0f,0.0f,1.0f,
0.0f,-1.0f,8.3278e-10f,
-5.0e-6f,-1.0f,8.3274e-10f,
0.0f,0.0f,1.0f,
0.13053f,1.7701e-9f,0.991444f,
0.0f,-1.0f,8.3278e-10f,
0.0f,-1.0f,8.3278e-10f,
0.258821f,3.5099e-9f,0.965925f,
0.0f,-1.0f,8.3278e-10f,
-4.0e-6f,-1.0f,8.3275e-10f,
0.500003f,6.7806e-9f,0.866024f,
0.0f,-1.0f,8.3278e-10f,
-4.0e-6f,-1.0f,8.3275e-10f,
0.707106f,9.5892e-9f,0.707107f,
0.707106f,9.5892e-9f,0.707107f,
1.0e-6f,-1.0f,8.3279e-10f,
0.0f,-1.0f,8.3278e-10f,
0.866024f,1.1744e-8f,0.500002f,
0.0f,-1.0f,8.3278e-10f,
1.0e-6f,-1.0f,8.3279e-10f,
0.965925f,1.3099e-8f,0.258821f,
0.0f,-1.0f,8.3278e-10f,
0.0f,-1.0f,8.3278e-10f,
1.0f,1.3561e-8f,7.7214e-9f,
0.0f,-1.0f,8.3278e-10f,
0.0f,-1.0f,8.3278e-10f,
0.965925f,1.3099e-8f,-0.258821f,
0.0f,-1.0f,8.3278e-10f,
0.0f,-1.0f,8.3278e-10f,
0.866024f,1.1744e-8f,-0.500002f,
0.0f,-1.0f,8.3278e-10f,
0.0f,-1.0f,8.3278e-10f,
0.707106f,9.5892e-9f,-0.707107f,
0.0f,-1.0f,8.3278e-10f,
0.0f,-1.0f,8.3278e-10f,
0.500003f,6.7806e-9f,-0.866024f,
0.0f,-1.0f,8.3278e-10f,
1.0e-6f,-1.0f,8.3279e-10f,
0.258816f,3.5098e-9f,-0.965927f,
1.0e-6f,-1.0f,8.3279e-10f,
0.130519f,1.77e-9f,-0.991446f,
0.0f,0.0f,-1.0f,
0.0f,-1.0f,8.3278e-10f,
1.0e-6f,-1.0f,8.3279e-10f,
0.0f,0.0f,-1.0f,
-0.130521f,-1.77e-9f,-0.991446f,
0.0f,-1.0f,8.3278e-10f,
-0.00001f,-1.0f,8.3271e-10f,
0.0f,-1.0f,8.3278e-10f,
1.0e-6f,-1.0f,8.3279e-10f,
0.0f,0.0f,1.0f,
0.130529f,1.7701e-9f,0.991445f,
0.0f,-1.0f,8.3278e-10f,
0.0f,0.0f,1.0f,
-0.130528f,-1.7701e-9f,0.991445f,
-1.0e-6f,-1.0f,8.3277e-10f,
1.0e-6f,-1.0f,8.3279e-10f,
0.258819f,3.5099e-9f,0.965926f,
0.0f,-1.0f,8.3278e-10f,
0.499999f,6.7806e-9f,0.866026f,
0.0f,-1.0f,8.3278e-10f,
0.707106f,9.5892e-9f,0.707107f,
0.707106f,9.5892e-9f,0.707107f,
0.0f,-1.0f,8.3278e-10f,
-1.0e-6f,-1.0f,8.3277e-10f,
0.866026f,1.1744e-8f,0.5f,
-1.0e-6f,-1.0f,8.3277e-10f,
-1.0e-6f,-1.0f,8.3277e-10f,
0.965926f,1.3099e-8f,0.258818f,
0.0f,-1.0f,8.3278e-10f,
1.0f,1.3561e-8f,-9.9228e-7f,
0.0f,-1.0f,8.3278e-10f,
0.965926f,1.3099e-8f,-0.25882f,
0.0f,-1.0f,8.3278e-10f,
0.866025f,1.1744e-8f,-0.5f,
0.0f,-1.0f,8.3278e-10f,
0.0f,-1.0f,8.3278e-10f,
0.707107f,9.5892e-9f,-0.707107f,
0.0f,-1.0f,8.3278e-10f,
0.0f,-1.0f,8.3278e-10f,
2.0e-6f,-1.0f,8.328e-10f,
0.5f,6.7806e-9f,-0.866025f,
0.0f,-1.0f,8.3278e-10f,
2.0e-6f,-1.0f,8.328e-10f,
0.25882f,3.5099e-9f,-0.965926f,
0.0f,-1.0f,8.3278e-10f,
0.130528f,1.7701e-9f,-0.991445f,
0.0f,0.0f,-1.0f,
0.0f,-1.0f,8.3278e-10f,
0.0f,-1.0f,8.3278e-10f,
0.0f,0.0f,-1.0f,
-0.130527f,-1.7701e-9f,-0.991445f,
0.0f,-1.0f,8.3278e-10f,
1.0e-6f,-1.0f,8.3279e-10f,
-0.258819f,-3.5099e-9f,-0.965926f,
1.0e-6f,-1.0f,8.3279e-10f,
0.0f,-1.0f,8.3278e-10f,
-0.5f,-6.7806e-9f,-0.866025f,
0.0f,-1.0f,8.3278e-10f,
0.0f,-1.0f,8.3278e-10f,
-0.707107f,-9.5892e-9f,-0.707106f,
0.0f,-1.0f,8.3278e-10f,
0.0f,-1.0f,8.3278e-10f,
-0.866026f,-1.1744e-8f,-0.5f,
0.0f,-1.0f,8.3278e-10f,
0.0f,-1.0f,8.3278e-10f,
0.0f,-1.0f,8.3278e-10f,
-0.965926f,-1.3099e-8f,-0.258819f,
0.0f,-1.0f,8.3278e-10f,
-1.0f,-1.3561e-8f,-7.7214e-9f,
0.0f,-1.0f,8.3278e-10f,
0.0f,-1.0f,8.3278e-10f,
-0.965926f,-1.3099e-8f,0.258817f,
0.0f,-1.0f,8.3278e-10f,
-0.866026f,-1.1744e-8f,0.499999f,
0.0f,-1.0f,8.3278e-10f,
-0.707107f,-9.5892e-9f,0.707107f,
-0.707107f,-9.5892e-9f,0.707107f,
0.0f,-1.0f,8.3278e-10f,
0.0f,-1.0f,8.3278e-10f,
-0.499999f,-6.7806e-9f,0.866026f,
0.0f,-1.0f,8.3278e-10f,
1.0e-6f,-1.0f,8.3279e-10f,
-0.258819f,-3.5099e-9f,0.965926f,
-1.0e-6f,-1.0f,8.3277e-10f,
1.0e-6f,-1.0f,8.3279e-10f,
0.0f,0.0f,1.0f,
-0.130528f,-1.7701e-9f,0.991445f,
0.0f,-1.0f,8.3278e-10f,
0.0f,-1.0f,8.3278e-10f,
0.0f,0.0f,1.0f,
0.130529f,1.7701e-9f,0.991445f,
0.0f,-1.0f,8.3278e-10f,
0.0f,-1.0f,8.3278e-10f,
0.258819f,3.5099e-9f,0.965926f,
0.0f,-1.0f,8.3278e-10f,
0.0f,-1.0f,8.3278e-10f,
0.499999f,6.7806e-9f,0.866026f,
2.0e-6f,-1.0f,8.328e-10f,
0.0f,-1.0f,8.3278e-10f,
0.707106f,9.5892e-9f,0.707107f,
0.707106f,9.5892e-9f,0.707107f,
2.0e-6f,-1.0f,8.328e-10f,
-4.0e-6f,-1.0f,8.3275e-10f,
0.866026f,1.1744e-8f,0.5f,
-4.0e-6f,-1.0f,8.3275e-10f,
0.0f,-1.0f,8.3278e-10f,
1.0e-6f,-1.0f,8.3279e-10f,
0.965926f,1.3099e-8f,0.258818f,
1.0e-6f,-1.0f,8.3279e-10f,
0.0f,-1.0f,8.3278e-10f,
1.0f,1.3561e-8f,-9.9228e-7f,
0.0f,-1.0f,8.3278e-10f,
1.0e-6f,-1.0f,8.3279e-10f,
0.965926f,1.3099e-8f,-0.25882f,
0.0f,-1.0f,8.3278e-10f,
0.0f,-1.0f,8.3278e-10f,
0.866025f,1.1744e-8f,-0.5f,
1.0e-6f,-1.0f,8.3279e-10f,
-1.0e-6f,-1.0f,8.3277e-10f,
0.0f,-1.0f,8.3278e-10f,
0.707107f,9.5892e-9f,-0.707107f,
1.0e-6f,-1.0f,8.3279e-10f,
1.0e-6f,-1.0f,8.3279e-10f,
0.5f,6.7806e-9f,-0.866025f,
-1.0e-6f,-1.0f,8.3277e-10f,
1.0e-6f,-1.0f,8.3279e-10f,
0.25882f,3.5099e-9f,-0.965926f,
0.0f,-1.0f,8.3278e-10f,
-1.0e-6f,-1.0f,8.3277e-10f,
0.130528f,1.7701e-9f,-0.991445f,
0.0f,0.0f,-1.0f,
0.0f,-1.0f,8.3278e-10f,
0.0f,0.0f,-1.0f,
-0.130527f,-1.7701e-9f,-0.991445f,
0.0f,-1.0f,8.3278e-10f,
0.0f,-1.0f,8.3278e-10f,
-0.258819f,-3.5099e-9f,-0.965926f,
0.0f,-1.0f,8.3278e-10f,
1.0e-6f,-1.0f,8.3279e-10f,
-0.5f,-6.7806e-9f,-0.866025f,
1.0e-6f,-1.0f,8.3279e-10f,
0.0f,-1.0f,8.3278e-10f,
-0.707107f,-9.5892e-9f,-0.707106f,
-1.0e-6f,-1.0f,8.3277e-10f,
0.0f,-1.0f,8.3278e-10f,
-0.866026f,-1.1744e-8f,-0.5f,
-1.0e-6f,-1.0f,8.3277e-10f,
0.0f,-1.0f,8.3278e-10f,
-0.965926f,-1.3099e-8f,-0.258819f,
0.0f,-1.0f,8.3278e-10f,
0.0f,-1.0f,8.3278e-10f,
0.0f,-1.0f,8.3278e-10f,
0.0f,-1.0f,8.3278e-10f,
-1.0f,-1.3561e-8f,-7.7214e-9f,
0.0f,-1.0f,8.3278e-10f,
0.0f,-1.0f,8.3278e-10f,
1.0e-6f,-1.0f,8.3279e-10f,
0.0f,-1.0f,8.3278e-10f,
-0.965926f,-1.3099e-8f,0.258817f,
0.0f,-1.0f,8.3278e-10f,
0.0f,-1.0f,8.3278e-10f,
-0.866026f,-1.1744e-8f,0.499999f,
0.0f,-1.0f,8.3278e-10f,
0.0f,-1.0f,8.3278e-10f,
-0.707107f,-9.5892e-9f,0.707107f,
-0.707107f,-9.5892e-9f,0.707107f,
1.0e-6f,-1.0f,8.3279e-10f,
0.0f,-1.0f,8.3278e-10f,
-0.499999f,-6.7806e-9f,0.866026f,
-1.0e-6f,-1.0f,8.3277e-10f,
1.0e-6f,-1.0f,8.3279e-10f,
-0.258819f,-3.5099e-9f,0.965926f,
-1.0e-6f,-1.0f,8.3277e-10f,
0.0f,-1.0f,8.3278e-10f,
-0.006468f,-8.7713e-11f,0.999979f,
0.0f,-1.0f,8.3278e-10f,
0.0f,-1.0f,8.3278e-10f,
-1.0f,-1.3561e-8f,-7.7214e-9f,
0.0f,-1.0f,8.3278e-10f,
0.0f,-1.0f,8.3278e-10f,
0.0f,0.0f,1.0f,
0.0f,0.0f,1.0f,
0.0f,-1.0f,8.3278e-10f,
0.0f,-1.0f,8.3278e-10f,
0.0f,-1.0f,8.3278e-10f,
-4.0e-6f,-1.0f,8.3275e-10f,
1.0e-6f,-1.0f,8.3279e-10f,
0.032464f,4.4025e-10f,0.999473f,
0.0f,-1.0f,8.3278e-10f,
1.0f,1.3561e-8f,7.7214e-9f,
0.0f,-1.0f,8.3278e-10f,
0.0f,-1.0f,8.3278e-10f,
0.0f,1.0f,-8.3278e-10f,
0.0f,1.0f,-8.3278e-10f,
0.0f,1.0f,-8.3278e-10f,
0.0f,1.0f,-8.3278e-10f,
0.0f,1.0f,-8.3278e-10f,
0.0f,1.0f,-8.3278e-10f,
0.0f,1.0f,-8.3278e-10f,
0.0f,1.0f,-8.3278e-10f,
0.0f,1.0f,-8.3278e-10f,
0.0f,1.0f,-8.3278e-10f,
0.0f,1.0f,-8.3278e-10f,
0.0f,1.0f,-8.3278e-10f,
0.0f,1.0f,-8.3278e-10f,
0.0f,1.0f,-8.3278e-10f,
0.0f,1.0f,-8.3278e-10f,
0.0f,1.0f,-8.3278e-10f,
0.0f,1.0f,-8.3278e-10f,
0.0f,1.0f,-8.3278e-10f,
0.0f,0.0f,-1.0f,
-0.012153f,-0.015301f,-0.999809f,
0.0f,0.0f,-1.0f,
0.0f,0.0f,-1.0f,
0.0f,0.0f,-1.0f,
0.0f,0.0f,-1.0f,
0.0f,0.0f,-1.0f,
0.0f,0.0f,-1.0f,
0.0f,0.0f,-1.0f,
0.0f,0.0f,-1.0f,
0.0f,0.0f,-1.0f,
0.0f,0.0f,-1.0f,
0.0f,-0.0156f,-0.999878f,
0.0f,0.0f,-1.0f,
0.0f,-6.0e-6f,-1.0f,
0.0f,0.0f,-1.0f,
0.012153f,-0.015301f,-0.999809f,
0.0f,0.0f,-1.0f,
0.0f,-6.0e-6f,-1.0f,
0.0f,-1.0e-6f,-1.0f,
0.0f,0.0f,-1.0f,
0.0f,0.0f,-1.0f,
0.012327f,1.6717e-10f,-0.999924f,
0.0f,0.0f,-1.0f,
0.0f,-1.0e-6f,-1.0f,
0.0f,0.0f,-1.0f,
0.0f,0.0f,-1.0f,
0.012452f,1.6886e-10f,-0.999922f,
0.012452f,1.6886e-10f,-0.999922f,
0.0f,-5.0e-6f,-1.0f,
0.0f,5.0e-6f,-1.0f,
0.0f,6.0e-6f,-1.0f,
0.0f,0.0f,-1.0f,
0.0f,0.0f,-1.0f,
0.0f,0.0f,-1.0f,
0.0f,5.0e-6f,-1.0f,
0.0f,0.0f,-1.0f,
0.0f,6.0e-6f,-1.0f,
0.0f,0.0f,-1.0f,
0.0f,0.0f,-1.0f,
0.0f,0.0f,-1.0f,
0.0f,0.0f,-1.0f,
-0.012452f,-1.6886e-10f,-0.999922f,
-0.012452f,-1.6886e-10f,-0.999922f,
0.0f,-5.0e-6f,-1.0f,
0.0f,5.0e-6f,-1.0f,
0.0f,5.0e-6f,-1.0f,
0.0f,0.0f,-1.0f,
0.0f,0.0f,-1.0f,
0.0f,0.0f,-1.0f,
0.0f,5.0e-6f,-1.0f,
0.0f,0.0f,-1.0f,
0.0f,5.0e-6f,-1.0f,
0.0f,0.0f,-1.0f,
-0.012327f,-1.6717e-10f,-0.999924f,
0.0f,-5.0e-6f,-1.0f,
0.0f,5.0e-6f,-1.0f,
0.0f,-5.0e-6f,-1.0f,
0.0f,5.0e-6f,-1.0f,
0.0f,-5.0e-6f,-1.0f,
0.0f,5.0e-6f,-1.0f,
0.0f,-5.0e-6f,-1.0f,
0.0f,6.0e-6f,-1.0f,
0.0f,0.0f,-1.0f,
0.0f,-1.0e-6f,-1.0f,
0.0f,0.0f,-1.0f,
0.0f,-6.0e-6f,-1.0f,
0.0f,0.0f,-1.0f,
0.0f,0.0f,-1.0f,
0.0f,0.0f,-1.0f,
0.0f,0.0f,-1.0f,
0.0f,-1.0f,8.3278e-10f,
0.0f,-1.0f,8.3278e-10f,
0.0f,-1.0f,8.3278e-10f,
0.0f,-1.0f,8.3278e-10f,
0.0f,-1.0f,8.3278e-10f,
0.0f,-1.0f,8.3278e-10f,
-2.0e-6f,-1.0f,8.3277e-10f,
0.0f,-1.0f,8.3278e-10f,
-0.012285f,-0.999849f,0.012285f,
0.0f,-1.0f,8.3278e-10f,
0.0f,-1.0f,8.3278e-10f,
0.0f,-1.0f,8.3278e-10f,
-2.0e-6f,-1.0f,8.3277e-10f,
0.0f,-1.0f,8.3278e-10f,
0.0f,-1.0f,8.3278e-10f,
0.0f,-1.0f,8.3278e-10f,
0.0f,-1.0f,8.3278e-10f,
0.012285f,-0.999849f,0.012285f,
0.0f,-1.0f,8.3278e-10f,
0.0f,-1.0f,8.3278e-10f,
0.0f,-1.0f,8.3278e-10f,
0.0f,-1.0f,8.3278e-10f,
0.0f,-1.0f,8.3278e-10f,
0.0f,-1.0f,8.3278e-10f,
0.0f,-1.0f,8.3278e-10f,
0.0f,-1.0f,8.3278e-10f,
0.0f,-1.0f,8.3278e-10f,
0.0f,-1.0f,8.3278e-10f,
-2.0e-6f,-1.0f,8.3277e-10f,
0.0f,-1.0f,8.3278e-10f,
2.0e-6f,-1.0f,8.328e-10f,
0.0f,-1.0f,8.3278e-10f,
0.0f,-1.0f,8.3278e-10f,
0.0f,-1.0f,8.3278e-10f,
0.0f,-1.0f,8.3278e-10f,
0.0f,-1.0f,8.3278e-10f,
-0.006468f,-8.7713e-11f,-0.999979f,
2.0e-6f,-1.0f,8.328e-10f,
0.0f,-1.0f,8.3278e-10f,
2.0e-6f,-1.0f,8.328e-10f,
0.0f,-1.0f,8.3278e-10f,
0.0f,-1.0f,8.3278e-10f,
0.0f,-1.0f,8.3278e-10f,
0.19509f,2.6456e-9f,-0.980785f,
0.0f,-1.0f,8.3278e-10f,
0.0f,-1.0f,8.3278e-10f,
0.0f,-1.0f,8.3278e-10f,
0.0f,-1.0f,8.3278e-10f,
0.0f,0.0f,-1.0f,
-2.0e-6f,-1.0f,8.3277e-10f,
-1.0e-6f,-1.0f,8.3277e-10f,
0.054918f,7.4475e-10f,-0.998491f,
0.0f,-1.0f,8.3278e-10f,
-1.0e-6f,-1.0f,8.3277e-10f,
0.0f,-1.0f,8.3278e-10f,
-0.017292f,-0.999851f,6.9914e-10f,
0.0f,-1.0f,8.3278e-10f,
0.0f,-1.0f,8.3278e-10f,
-2.0e-6f,-1.0f,8.3277e-10f,
0.0f,-1.0f,8.3278e-10f,
-1.0e-6f,-1.0f,8.3277e-10f,
0.0f,-1.0f,8.3278e-10f,
0.0f,-1.0f,8.3278e-10f,
0.0f,-1.0f,8.3278e-10f,
0.0f,-1.0f,8.3278e-10f,
0.0f,-1.0f,8.3278e-10f,
0.0f,-1.0f,8.3278e-10f,
0.0f,-1.0f,8.3278e-10f,
0.0f,-1.0f,8.3278e-10f,
0.0f,-1.0f,8.3278e-10f,
0.0f,0.0f,-1.0f,
0.0f,0.0f,-1.0f,
0.0f,0.0f,-1.0f,
0.0f,0.0f,-1.0f,
0.0f,-1.0f,8.3278e-10f,
0.0f,-1.0f,8.3278e-10f,
0.0f,-1.0f,8.3278e-10f,
-2.0e-6f,-1.0f,8.3277e-10f,
0.0f,0.0f,1.0f,
0.0f,-1.0f,8.3278e-10f,
0.0f,0.0f,1.0f,
0.0f,0.0f,1.0f,
0.0f,0.0f,1.0f,
0.0f,-1.0f,8.3278e-10f,
0.0f,-1.0f,8.3278e-10f,
0.054918f,7.4475e-10f,0.998491f,
0.0f,0.0f,1.0f,
0.0f,-1.0f,8.3278e-10f,
0.0f,-1.0f,8.3278e-10f,
-5.0e-6f,-1.0f,8.3274e-10f,
0.0f,-1.0f,8.3278e-10f,
0.0f,0.0f,-1.0f,
0.0f,0.0f,-1.0f,
0.032464f,4.4025e-10f,-0.999473f,
0.0f,-1.0f,8.3278e-10f,
0.0f,-1.0f,8.3278e-10f,
-0.195087f,-2.6456e-9f,-0.980786f,
-0.195087f,-2.6456e-9f,-0.980786f,
-0.195087f,-2.6456e-9f,-0.980786f,
-0.382681f,-5.1896e-9f,-0.923881f,
-0.382681f,-5.1896e-9f,-0.923881f,
-0.382681f,-5.1896e-9f,-0.923881f,
-0.555572f,-7.5342e-9f,-0.831469f,
-0.555572f,-7.5342e-9f,-0.831469f,
-0.555572f,-7.5342e-9f,-0.831469f,
-0.707106f,-9.5892e-9f,-0.707107f,
-0.707106f,-9.5892e-9f,-0.707107f,
-0.707106f,-9.5892e-9f,-0.707107f,
-0.707106f,-9.5892e-9f,-0.707107f,
-0.707106f,-9.5892e-9f,-0.707107f,
-0.831469f,-1.1276e-8f,-0.555571f,
-0.831469f,-1.1276e-8f,-0.555571f,
-0.831469f,-1.1276e-8f,-0.555571f,
-0.923881f,-1.2529e-8f,-0.382681f,
-0.923881f,-1.2529e-8f,-0.382681f,
-0.923881f,-1.2529e-8f,-0.382681f,
-0.980786f,-1.3301e-8f,-0.195086f,
-0.980786f,-1.3301e-8f,-0.195086f,
-0.980786f,-1.3301e-8f,-0.195086f,
-0.999982f,-1.3561e-8f,-0.006007f,
-0.999982f,-1.3561e-8f,-0.006007f,
-0.999982f,-1.3561e-8f,-0.006007f,
-1.0f,-1.3561e-8f,-7.7214e-9f,
-1.0f,-1.3561e-8f,-7.7214e-9f,
-1.0f,-1.3561e-8f,-7.7214e-9f,
-0.999982f,-1.3561e-8f,0.006007f,
-0.999982f,-1.3561e-8f,0.006007f,
-0.999982f,-1.3561e-8f,0.006007f,
-0.980786f,-1.3301e-8f,0.195086f,
-0.980786f,-1.3301e-8f,0.195086f,
-0.980786f,-1.3301e-8f,0.195086f,
-0.923881f,-1.2529e-8f,0.382681f,
-0.923881f,-1.2529e-8f,0.382681f,
-0.923881f,-1.2529e-8f,0.382681f,
-0.831469f,-1.1276e-8f,0.555571f,
-0.831469f,-1.1276e-8f,0.555571f,
-0.831469f,-1.1276e-8f,0.555571f,
-0.707107f,-9.5892e-9f,0.707107f,
-0.707107f,-9.5892e-9f,0.707107f,
-0.707107f,-9.5892e-9f,0.707107f,
-0.707107f,-9.5892e-9f,0.707107f,
-0.707107f,-9.5892e-9f,0.707107f,
-0.555571f,-7.5342e-9f,0.831469f,
-0.555571f,-7.5342e-9f,0.831469f,
-0.555571f,-7.5342e-9f,0.831469f,
-0.382681f,-5.1896e-9f,0.923881f,
-0.382681f,-5.1896e-9f,0.923881f,
-0.382681f,-5.1896e-9f,0.923881f,
-0.195086f,-2.6456e-9f,0.980786f,
-0.195086f,-2.6456e-9f,0.980786f,
-0.195086f,-2.6456e-9f,0.980786f,
-0.006007f,-8.1462e-11f,0.999982f,
-0.006007f,-8.1462e-11f,0.999982f,
-0.006007f,-8.1462e-11f,0.999982f,
0.0f,0.0f,1.0f,
0.0f,0.0f,1.0f,
0.0f,0.0f,1.0f,
0.006007f,8.1462e-11f,0.999982f,
0.006007f,8.1462e-11f,0.999982f,
0.006007f,8.1462e-11f,0.999982f,
0.195086f,2.6456e-9f,0.980786f,
0.195086f,2.6456e-9f,0.980786f,
0.195086f,2.6456e-9f,0.980786f,
0.38268f,5.1896e-9f,0.923881f,
0.382681f,5.1896e-9f,0.923881f,
0.382681f,5.1896e-9f,0.923881f,
0.555572f,7.5342e-9f,0.831469f,
0.555572f,7.5342e-9f,0.831469f,
0.555572f,7.5342e-9f,0.831469f,
0.707108f,9.5892e-9f,0.707106f,
0.707108f,9.5892e-9f,0.707106f,
0.707108f,9.5892e-9f,0.707106f,
0.707108f,9.5892e-9f,0.707106f,
0.707108f,9.5892e-9f,0.707106f,
0.831468f,1.1276e-8f,0.555572f,
0.831468f,1.1276e-8f,0.555572f,
0.831468f,1.1276e-8f,0.555572f,
0.923881f,1.2529e-8f,0.382681f,
0.923881f,1.2529e-8f,0.382681f,
0.923881f,1.2529e-8f,0.382681f,
0.980786f,1.3301e-8f,0.195087f,
0.980786f,1.3301e-8f,0.195087f,
0.980786f,1.3301e-8f,0.195087f,
0.999982f,1.3561e-8f,0.006007f,
0.999982f,1.3561e-8f,0.006007f,
0.999982f,1.3561e-8f,0.006007f,
1.0f,1.3561e-8f,7.7214e-9f,
1.0f,1.3561e-8f,7.7214e-9f,
1.0f,1.3561e-8f,7.7214e-9f,
0.999982f,1.3561e-8f,-0.006007f,
0.999982f,1.3561e-8f,-0.006007f,
0.999982f,1.3561e-8f,-0.006007f,
0.980786f,1.3301e-8f,-0.195087f,
0.980786f,1.3301e-8f,-0.195087f,
0.980786f,1.3301e-8f,-0.195087f,
0.923881f,1.2529e-8f,-0.382681f,
0.923881f,1.2529e-8f,-0.382681f,
0.923881f,1.2529e-8f,-0.382681f,
0.831468f,1.1276e-8f,-0.555572f,
0.831468f,1.1276e-8f,-0.555572f,
0.831468f,1.1276e-8f,-0.555572f,
0.707107f,9.5892e-9f,-0.707106f,
0.707107f,9.5892e-9f,-0.707106f,
0.707107f,9.5892e-9f,-0.707106f,
0.707107f,9.5892e-9f,-0.707106f,
0.707107f,9.5892e-9f,-0.707106f,
0.555572f,7.5342e-9f,-0.831468f,
0.555572f,7.5342e-9f,-0.831468f,
0.555572f,7.5342e-9f,-0.831468f,
0.38268f,5.1896e-9f,-0.923881f,
0.382681f,5.1896e-9f,-0.923881f,
0.382681f,5.1896e-9f,-0.923881f,
0.195087f,2.6456e-9f,-0.980786f,
0.195087f,2.6456e-9f,-0.980786f,
0.195087f,2.6456e-9f,-0.980786f,
0.0f,-0.999923f,0.012429f,
0.0f,-1.0f,8.3278e-10f,
0.0f,-1.0f,8.3278e-10f,
0.017292f,-0.999851f,9.6618e-10f,
0.0f,-1.0f,8.3278e-10f,
0.0f,-1.0f,8.3278e-10f,
0.0f,-1.0f,8.3278e-10f,
-0.19509f,-2.6456e-9f,-0.980785f,
0.0f,-1.0f,8.3278e-10f,
-1.0e-6f,-1.0f,8.3277e-10f,
0.980795f,1.3301e-8f,-0.195041f,
0.0f,-1.0f,8.3278e-10f,
0.923879f,1.2529e-8f,-0.382685f,
0.0f,-1.0f,8.3278e-10f,
0.83147f,1.1276e-8f,-0.55557f,
0.0f,-1.0f,8.3278e-10f,
0.707106f,9.5892e-9f,-0.707107f,
0.0f,-1.0f,8.3278e-10f,
0.55557f,7.5342e-9f,-0.831469f,
0.0f,-1.0f,8.3278e-10f,
0.382684f,5.1896e-9f,-0.923879f,
1.0e-6f,-1.0f,8.3279e-10f,
0.0f,-1.0f,8.3278e-10f,
-1.0f,-1.3561e-8f,-7.7214e-9f,
0.044919f,-0.99798f,-0.04492f,
0.0f,-1.0f,8.3278e-10f,
1.0e-6f,-1.0f,8.3279e-10f,
1.0e-6f,-1.0f,8.3279e-10f,
0.0f,-1.0f,8.3278e-10f,
-0.980795f,-1.3301e-8f,-0.195043f,
-0.980795f,-1.3301e-8f,-0.195043f,
0.0f,-1.0f,8.3278e-10f,
1.0e-6f,-1.0f,8.3279e-10f,
-0.980795f,-1.3301e-8f,0.195043f,
-0.044919f,-0.99798f,-0.04492f,
-3.0e-6f,-1.0f,8.3276e-10f,
0.0f,-1.0f,8.3278e-10f,
-1.0e-6f,-1.0f,8.3277e-10f,
-3.0e-6f,-1.0f,8.3276e-10f,
1.0f,1.3561e-8f,7.7214e-9f,
0.0f,-1.0f,8.3278e-10f,
-0.382683f,-5.1896e-9f,-0.92388f,
0.0f,-1.0f,8.3278e-10f,
-0.555571f,-7.5342e-9f,-0.831469f,
0.0f,-1.0f,8.3278e-10f,
-0.707107f,-9.5892e-9f,-0.707106f,
0.0f,-1.0f,8.3278e-10f,
-0.83147f,-1.1276e-8f,-0.55557f,
0.0f,-1.0f,8.3278e-10f,
-0.923879f,-1.2529e-8f,-0.382684f,
1.0e-6f,-1.0f,8.3279e-10f,
-0.923879f,-1.2529e-8f,0.382684f,
1.0e-6f,-1.0f,8.3279e-10f,
-0.831469f,-1.1276e-8f,0.555571f,
1.0e-6f,-1.0f,8.3279e-10f,
-0.707107f,-9.5892e-9f,0.707106f,
1.0e-6f,-1.0f,8.3279e-10f,
-0.555571f,-7.5342e-9f,0.831469f,
1.0e-6f,-1.0f,8.3279e-10f,
-0.382683f,-5.1896e-9f,0.92388f,
1.0e-6f,-1.0f,8.3279e-10f,
-0.19509f,-2.6456e-9f,0.980785f,
1.0e-6f,-1.0f,8.3279e-10f,
0.0f,-1.0f,8.3278e-10f,
-0.006468f,-8.7713e-11f,0.999979f,
-3.0e-6f,-1.0f,8.3276e-10f,
0.0f,-1.0f,8.3278e-10f,
0.980795f,1.3301e-8f,0.195041f,
0.0f,-1.0f,8.3278e-10f,
0.19509f,2.6456e-9f,0.980785f,
0.0f,-1.0f,8.3278e-10f,
0.382684f,5.1896e-9f,0.923879f,
0.0f,-1.0f,8.3278e-10f,
0.555569f,7.5341e-9f,0.83147f,
0.0f,-1.0f,8.3278e-10f,
0.707106f,9.5892e-9f,0.707107f,
0.0f,-1.0f,8.3278e-10f,
0.831469f,1.1276e-8f,0.555571f,
0.0f,-1.0f,8.3278e-10f,
0.923879f,1.2529e-8f,0.382685f,
0.0f,-0.998854f,-0.047872f,
0.0f,1.0f,-8.3278e-10f,
0.0f,1.0f,-8.3278e-10f,
0.0f,1.0f,-8.3278e-10f,
0.0f,1.0f,-8.3278e-10f,
0.0f,1.0f,-8.3278e-10f,
0.0f,1.0f,-8.3278e-10f,
0.999953f,-0.007555f,0.006f,
0.999971f,-0.007562f,7.7275e-9f,
0.0f,-0.007562f,0.999971f,
0.006f,-0.007555f,0.999953f,
-0.999971f,-0.007562f,-7.7149e-9f,
-0.999953f,-0.007555f,0.006f,
0.980787f,-0.194994f,0.005812f,
0.980786f,-0.195087f,7.7355e-9f,
0.923933f,-0.382515f,0.005506f,
0.923881f,-0.38268f,7.4523e-9f,
0.831626f,-0.555314f,0.004984f,
0.831469f,-0.555572f,6.8828e-9f,
0.707099f,-0.707099f,0.004652f,
0.707107f,-0.707106f,6.0487e-9f,
0.555314f,-0.831626f,0.004983f,
0.555571f,-0.831469f,4.9822e-9f,
0.382521f,-0.92393f,0.005506f,
0.382687f,-0.923878f,3.7243e-9f,
0.194995f,-0.980787f,0.005812f,
0.195088f,-0.980786f,2.3231e-9f,
0.194968f,-0.007319f,0.980782f,
0.38247f,-0.006937f,0.923942f,
0.555245f,-0.006284f,0.831663f,
0.707096f,-0.005869f,0.707093f,
0.707096f,-0.005869f,0.707093f,
0.831663f,-0.006284f,0.555245f,
0.923942f,-0.006937f,0.38247f,
0.980782f,-0.007319f,0.194968f,
0.005812f,-0.980787f,0.194994f,
0.0f,-0.980786f,0.195088f,
0.005506f,-0.92393f,0.382521f,
0.0f,-0.923878f,0.382687f,
0.004983f,-0.831626f,0.555314f,
0.0f,-0.831469f,0.555571f,
0.004652f,-0.7071f,0.707099f,
0.0f,-0.707107f,0.707106f,
0.004984f,-0.555314f,0.831626f,
0.0f,-0.555571f,0.831469f,
0.005506f,-0.382515f,0.923933f,
0.0f,-0.382681f,0.923881f,
0.005812f,-0.194993f,0.980787f,
0.0f,-0.195086f,0.980786f,
-0.194994f,-0.980787f,0.005812f,
-0.382521f,-0.92393f,0.005506f,
-0.382687f,-0.923878f,-2.1855e-9f,
-0.195087f,-0.980786f,-6.8956e-10f,
-0.555314f,-0.831626f,0.004983f,
-0.555571f,-0.831469f,-3.5973e-9f,
-0.707098f,-0.7071f,0.004652f,
-0.707106f,-0.707107f,-4.871e-9f,
-0.831626f,-0.555314f,0.004984f,
-0.831469f,-0.555571f,-5.9574e-9f,
-0.923933f,-0.382515f,0.005506f,
-0.923881f,-0.38268f,-6.815e-9f,
-0.980787f,-0.194993f,0.005812f,
-0.980786f,-0.195086f,-7.4106e-9f,
-0.980782f,-0.007319f,0.194967f,
-0.923942f,-0.006937f,0.38247f,
-0.831663f,-0.006284f,0.555245f,
-0.707095f,-0.005869f,0.707094f,
-0.707095f,-0.005869f,0.707094f,
-0.555245f,-0.006284f,0.831663f,
-0.38247f,-0.006937f,0.923942f,
-0.194968f,-0.007319f,0.980782f,
-0.006f,-0.007555f,0.999953f,
0.999953f,-0.007555f,-0.006f,
0.980782f,-0.007319f,-0.194969f,
0.923942f,-0.006937f,-0.38247f,
0.831663f,-0.006284f,-0.555245f,
0.707095f,-0.005869f,-0.707094f,
0.707095f,-0.005869f,-0.707094f,
0.555245f,-0.006284f,-0.831663f,
0.38247f,-0.006937f,-0.923942f,
0.194969f,-0.007319f,-0.980782f,
0.005812f,-0.194994f,-0.980787f,
0.0f,-0.195087f,-0.980786f,
0.005506f,-0.382515f,-0.923933f,
0.0f,-0.382681f,-0.923881f,
0.004984f,-0.555315f,-0.831625f,
0.0f,-0.555572f,-0.831468f,
0.004652f,-0.707099f,-0.707099f,
0.0f,-0.707107f,-0.707107f,
0.004983f,-0.831626f,-0.555314f,
0.0f,-0.831469f,-0.555571f,
0.005506f,-0.92393f,-0.382521f,
0.0f,-0.923878f,-0.382687f,
0.005812f,-0.980787f,-0.194995f,
0.0f,-0.980786f,-0.195088f,
-0.194969f,-0.007319f,-0.980782f,
-0.38247f,-0.006937f,-0.923942f,
-0.555245f,-0.006284f,-0.831663f,
-0.707094f,-0.005869f,-0.707095f,
-0.707094f,-0.005869f,-0.707095f,
-0.831663f,-0.006284f,-0.555245f,
-0.923942f,-0.006937f,-0.38247f,
-0.980782f,-0.007319f,-0.194968f,
-0.999953f,-0.007555f,-0.006f,
0.0f,1.0f,-8.3278e-10f,
0.0f,1.0f,-8.3278e-10f,
0.0f,1.0f,-8.3278e-10f,
1.0e-6f,1.0f,-8.3277e-10f,
0.0f,1.0f,-8.3278e-10f,
1.0e-6f,1.0f,-8.3277e-10f,
0.0f,1.0f,-8.3278e-10f,
1.0e-6f,1.0f,-8.3277e-10f,
0.0f,1.0f,-8.3278e-10f,
0.0f,1.0f,-8.3278e-10f,
0.0f,1.0f,-8.3278e-10f,
0.0f,1.0f,-8.3278e-10f,
0.0f,1.0f,-8.3278e-10f,
0.0f,1.0f,-8.3278e-10f,
0.0f,1.0f,-8.3278e-10f,
0.0f,1.0f,-8.3278e-10f,
0.0f,1.0f,-8.3278e-10f,
0.0f,1.0f,-8.3278e-10f,
0.0f,1.0f,-8.3278e-10f,
0.0f,1.0f,-8.3278e-10f,
0.0f,1.0f,-8.3278e-10f,
0.0f,1.0f,-8.3278e-10f,
0.0f,1.0f,-8.3278e-10f,
0.0f,1.0f,-8.3278e-10f,
0.0f,1.0f,-8.3278e-10f,
0.0f,1.0f,-8.3278e-10f,
0.0f,1.0f,-8.3278e-10f,
-1.0e-6f,1.0f,-8.3279e-10f,
0.0f,1.0f,-8.3278e-10f,
-1.0e-6f,1.0f,-8.3279e-10f,
0.0f,1.0f,-8.3278e-10f,
0.0f,1.0f,-8.3278e-10f,
0.0f,1.0f,-8.3278e-10f,
0.0f,1.0f,-8.3278e-10f,
0.0f,1.0f,-8.3278e-10f,
0.0f,1.0f,-8.3278e-10f,
0.0f,1.0f,-8.3278e-10f,
0.0f,1.0f,-8.3278e-10f,
0.0f,1.0f,-8.3278e-10f,
0.0f,1.0f,-8.3278e-10f,
0.0f,1.0f,-8.3278e-10f,
0.0f,1.0f,-8.3278e-10f,
0.0f,1.0f,-8.3278e-10f,
0.0f,1.0f,-8.3278e-10f,
0.0f,1.0f,-8.3278e-10f,
0.0f,1.0f,-8.3278e-10f,
0.0f,1.0f,-8.3278e-10f,
0.0f,1.0f,-8.3278e-10f,
0.0f,1.0f,-8.3278e-10f,
1.0e-6f,1.0f,-8.3277e-10f,
0.0f,1.0f,-8.3278e-10f,
0.0f,1.0f,-8.3278e-10f,
0.0f,1.0f,-8.3278e-10f,
0.0f,1.0f,-8.3278e-10f,
0.0f,1.0f,-8.3278e-10f,
1.0e-6f,1.0f,-8.3277e-10f,
0.0f,1.0f,-8.3278e-10f,
0.0f,1.0f,-8.3278e-10f,
0.0f,1.0f,-8.3278e-10f,
0.0f,1.0f,-8.3278e-10f,
0.191805f,-0.962508f,0.191805f,
0.376614f,-0.90735f,0.186756f,
0.907351f,-0.376612f,0.186755f,
0.962508f,-0.191805f,0.191804f,
0.90735f,-0.186757f,0.376613f,
0.376612f,-0.186758f,0.90735f,
0.191805f,-0.191806f,0.962508f,
0.186757f,-0.376612f,0.907351f,
0.186755f,-0.90735f,0.376614f,
-0.962508f,-0.191806f,0.191804f,
-0.907351f,-0.376612f,0.186756f,
-0.376614f,-0.90735f,0.186756f,
-0.191805f,-0.962508f,0.191805f,
-0.005812f,-0.980787f,0.194994f,
-0.005506f,-0.92393f,0.382521f,
-0.186756f,-0.90735f,0.376614f,
-0.004984f,-0.831626f,0.555314f,
-0.004652f,-0.7071f,0.707099f,
-0.004984f,-0.555314f,0.831626f,
-0.005506f,-0.382515f,0.923933f,
-0.186757f,-0.376612f,0.907351f,
-0.005812f,-0.194993f,0.980787f,
-0.191805f,-0.191806f,0.962508f,
-0.376613f,-0.186758f,0.90735f,
-0.90735f,-0.186758f,0.376613f,
0.191804f,-0.191806f,-0.962508f,
0.376613f,-0.186757f,-0.90735f,
0.90735f,-0.186757f,-0.376613f,
0.962508f,-0.191805f,-0.191804f,
0.980787f,-0.194994f,-0.005812f,
0.923933f,-0.382515f,-0.005506f,
0.907351f,-0.376612f,-0.186755f,
0.831626f,-0.555314f,-0.004984f,
0.7071f,-0.707099f,-0.004652f,
0.555314f,-0.831626f,-0.004983f,
0.382521f,-0.92393f,-0.005506f,
0.376614f,-0.90735f,-0.186756f,
0.194994f,-0.980787f,-0.005812f,
0.191806f,-0.962508f,-0.191805f,
0.186756f,-0.90735f,-0.376614f,
0.186756f,-0.376613f,-0.907351f,
-0.980787f,-0.194993f,-0.005812f,
-0.962508f,-0.191806f,-0.191804f,
-0.90735f,-0.186758f,-0.376613f,
-0.376612f,-0.186757f,-0.907351f,
-0.191804f,-0.191805f,-0.962508f,
-0.005812f,-0.194994f,-0.980787f,
-0.005506f,-0.382515f,-0.923933f,
-0.186756f,-0.376613f,-0.90735f,
-0.004984f,-0.555315f,-0.831625f,
-0.004652f,-0.707099f,-0.707099f,
-0.004983f,-0.831626f,-0.555314f,
-0.005506f,-0.92393f,-0.382521f,
-0.186756f,-0.90735f,-0.376614f,
-0.005812f,-0.980787f,-0.194995f,
-0.191805f,-0.962508f,-0.191805f,
-0.194994f,-0.980787f,-0.005812f,
-0.382521f,-0.92393f,-0.005506f,
-0.376614f,-0.90735f,-0.186756f,
-0.555314f,-0.831626f,-0.004983f,
-0.707099f,-0.707099f,-0.004652f,
-0.831626f,-0.555314f,-0.004984f,
-0.923933f,-0.382515f,-0.005506f,
-0.907351f,-0.376612f,-0.186756f,
-0.006468f,-8.7713e-11f,-0.999979f,
0.0f,-1.0f,8.3278e-10f,
0.0f,-1.0f,8.3278e-10f,
0.19509f,2.6456e-9f,-0.980785f,
0.0f,-1.0f,8.3278e-10f,
0.0f,-1.0f,8.3278e-10f,
0.382684f,5.1896e-9f,-0.923879f,
0.0f,-1.0f,8.3278e-10f,
-1.0e-6f,-1.0f,8.3277e-10f,
0.55557f,7.5342e-9f,-0.831469f,
-1.0e-6f,-1.0f,8.3277e-10f,
0.0f,-1.0f,8.3278e-10f,
0.707106f,9.5892e-9f,-0.707107f,
0.0f,-1.0f,8.3278e-10f,
0.0f,-1.0f,8.3278e-10f,
0.83147f,1.1276e-8f,-0.55557f,
0.0f,-1.0f,8.3278e-10f,
1.0e-6f,-1.0f,8.3279e-10f,
0.923879f,1.2529e-8f,-0.382685f,
-1.0e-6f,-1.0f,8.3277e-10f,
1.0e-6f,-1.0f,8.3279e-10f,
0.980795f,1.3301e-8f,-0.195041f,
-1.0e-6f,-1.0f,8.3277e-10f,
0.0f,-1.0f,8.3278e-10f,
0.980795f,1.3301e-8f,0.195041f,
-1.0e-6f,-1.0f,8.3277e-10f,
0.0f,-1.0f,8.3278e-10f,
0.923879f,1.2529e-8f,0.382685f,
-1.0e-6f,-1.0f,8.3277e-10f,
1.0e-6f,-1.0f,8.3279e-10f,
0.831469f,1.1276e-8f,0.555571f,
-1.0e-6f,-1.0f,8.3277e-10f,
1.0e-6f,-1.0f,8.3279e-10f,
0.707106f,9.5892e-9f,0.707107f,
1.0e-6f,-1.0f,8.3279e-10f,
-1.0e-6f,-1.0f,8.3277e-10f,
0.555569f,7.5341e-9f,0.83147f,
0.0f,-1.0f,8.3278e-10f,
1.0e-6f,-1.0f,8.3279e-10f,
0.382684f,5.1896e-9f,0.923879f,
0.0f,-1.0f,8.3278e-10f,
1.0e-6f,-1.0f,8.3279e-10f,
1.0e-6f,-1.0f,8.3279e-10f,
0.19509f,2.6456e-9f,0.980785f,
1.0e-6f,-1.0f,8.3279e-10f,
-1.0e-6f,-1.0f,8.3277e-10f,
-0.19509f,-2.6456e-9f,0.980785f,
0.0f,-1.0f,8.3278e-10f,
-1.0e-6f,-1.0f,8.3277e-10f,
-0.382683f,-5.1896e-9f,0.92388f,
1.0e-6f,-1.0f,8.3279e-10f,
-0.555571f,-7.5342e-9f,0.831469f,
1.0e-6f,-1.0f,8.3279e-10f,
0.0f,-1.0f,8.3278e-10f,
-0.707107f,-9.5892e-9f,0.707106f,
0.0f,-1.0f,8.3278e-10f,
0.0f,-1.0f,8.3278e-10f,
-0.831469f,-1.1276e-8f,0.555571f,
0.0f,-1.0f,8.3278e-10f,
0.0f,-1.0f,8.3278e-10f,
-0.923879f,-1.2529e-8f,0.382684f,
1.0e-6f,-1.0f,8.3279e-10f,
0.0f,-1.0f,8.3278e-10f,
-0.980795f,-1.3301e-8f,0.195043f,
0.0f,-1.0f,8.3278e-10f,
1.0e-6f,-1.0f,8.3279e-10f,
-0.980795f,-1.3301e-8f,-0.195043f,
-0.980795f,-1.3301e-8f,-0.195043f,
0.0f,-1.0f,8.3278e-10f,
0.0f,-1.0f,8.3278e-10f,
-0.923879f,-1.2529e-8f,-0.382684f,
0.0f,-1.0f,8.3278e-10f,
0.0f,-1.0f,8.3278e-10f,
-0.83147f,-1.1276e-8f,-0.55557f,
0.0f,-1.0f,8.3278e-10f,
0.0f,-1.0f,8.3278e-10f,
-0.707108f,-9.5892e-9f,-0.707106f,
-1.0e-6f,-1.0f,8.3277e-10f,
0.0f,-1.0f,8.3278e-10f,
-0.555571f,-7.5342e-9f,-0.831469f,
-1.0e-6f,-1.0f,8.3277e-10f,
0.0f,-1.0f,8.3278e-10f,
-0.382683f,-5.1896e-9f,-0.92388f,
1.0e-6f,-1.0f,8.3279e-10f,
0.0f,-1.0f,8.3278e-10f,
-0.19509f,-2.6456e-9f,-0.980785f,
0.0f,-1.0f,8.3278e-10f,
1.0e-6f,-1.0f,8.3279e-10f,
0.866025f,1.1744e-8f,-0.500001f,
0.0f,-1.0f,8.3278e-10f,
0.707106f,9.5892e-9f,-0.707107f,
0.707106f,9.5892e-9f,-0.707107f,
-2.0e-6f,-1.0f,8.3277e-10f,
0.965925f,1.3099e-8f,-0.258821f,
0.0f,-1.0f,8.3278e-10f,
1.0f,1.3561e-8f,-9.9228e-7f,
0.0f,-1.0f,8.3278e-10f,
0.965926f,1.3099e-8f,0.25882f,
1.0e-6f,-1.0f,8.3279e-10f,
0.866025f,1.1744e-8f,0.5f,
1.0e-6f,-1.0f,8.3279e-10f,
0.707107f,9.5892e-9f,0.707106f,
0.0f,-1.0f,8.3278e-10f,
0.5f,6.7806e-9f,0.866026f,
0.0f,-1.0f,8.3278e-10f,
0.258819f,3.5099e-9f,0.965926f,
0.0f,-1.0f,8.3278e-10f,
0.0f,0.0f,1.0f,
0.0f,-1.0f,8.3278e-10f,
-0.258821f,-3.5099e-9f,0.965925f,
0.0f,-1.0f,8.3278e-10f,
-0.500002f,-6.7806e-9f,0.866024f,
2.0e-6f,-1.0f,8.328e-10f,
-0.707106f,-9.5892e-9f,0.707108f,
2.0e-6f,-1.0f,8.328e-10f,
-0.866025f,-1.1744e-8f,0.500001f,
0.0f,-1.0f,8.3278e-10f,
-0.965926f,-1.3099e-8f,0.258819f,
0.0f,-1.0f,8.3278e-10f,
-1.0f,-1.3561e-8f,-7.7214e-9f,
0.0f,-1.0f,8.3278e-10f,
-0.965926f,-1.3099e-8f,-0.258819f,
-1.0e-6f,-1.0f,8.3277e-10f,
-0.866025f,-1.1744e-8f,-0.500001f,
-1.0e-6f,-1.0f,8.3277e-10f,
-0.707106f,-9.5892e-9f,-0.707108f,
2.0e-6f,-1.0f,8.328e-10f,
-0.5f,-6.7806e-9f,-0.866025f,
4.0e-6f,-1.0f,8.3281e-10f,
-0.258819f,-3.5099e-9f,-0.965926f,
2.0e-6f,-1.0f,8.328e-10f,
0.0f,0.0f,-1.0f,
0.0f,-1.0f,8.3278e-10f,
0.258819f,3.5099e-9f,-0.965926f,
0.0f,-1.0f,8.3278e-10f,
0.5f,6.7806e-9f,-0.866025f,
-2.0e-6f,-1.0f,8.3277e-10f,
0.0f,-1.0f,8.3278e-10f,
0.0f,0.0f,-1.0f,
0.0f,-1.0f,8.3278e-10f,
0.0f,-1.0f,8.3278e-10f,
0.0f,-1.0f,8.3278e-10f,
-1.0e-6f,-1.0f,8.3277e-10f,
-1.0e-6f,-1.0f,8.3277e-10f,
1.0e-6f,-1.0f,8.3279e-10f,
2.0e-6f,-1.0f,8.328e-10f,
1.0e-6f,-1.0f,8.3279e-10f,
-1.0e-6f,-1.0f,8.3277e-10f,
0.0f,0.0f,-1.0f,
0.0f,0.0f,1.0f,
0.0f,-1.0f,8.3278e-10f,
0.0f,-1.0f,8.3278e-10f,
0.0f,-1.0f,8.3278e-10f,
2.0e-6f,-1.0f,8.328e-10f,
2.0e-6f,-1.0f,8.328e-10f,
0.0f,-1.0f,8.3278e-10f,
0.0f,-1.0f,8.3278e-10f,
-4.0e-6f,-1.0f,8.3275e-10f,
-2.0e-6f,-1.0f,8.3277e-10f,
1.0e-6f,-1.0f,8.3279e-10f,
0.0f,0.0f,1.0f,
0.0f,0.0f,1.0f,
0.0f,-1.0f,8.3278e-10f,
5.0e-6f,-1.0f,8.3282e-10f,
-5.0e-6f,-1.0f,8.3274e-10f,
0.0f,-1.0f,8.3278e-10f,
0.0f,-1.0f,8.3278e-10f,
0.0f,0.0f,1.0f,
0.0f,0.0f,-1.0f,
0.0f,-1.0f,8.3278e-10f,
-0.00001f,-1.0f,8.3271e-10f,
0.0f,-1.0f,8.3278e-10f,
0.0f,-1.0f,8.3278e-10f,
1.0e-6f,-1.0f,8.3279e-10f,
0.0f,0.0f,-1.0f,
0.0f,-1.0f,8.3278e-10f,
0.0f,-1.0f,8.3278e-10f,
0.0f,-1.0f,8.3278e-10f,
0.0f,-1.0f,8.3278e-10f,
-4.0e-6f,-1.0f,8.3275e-10f,
0.0f,0.0f,1.0f,
0.0f,0.0f,1.0f,
0.0f,0.0f,-1.0f,
0.0f,-1.0f,8.3278e-10f,
1.0e-6f,-1.0f,8.3279e-10f,
0.0f,0.0f,-1.0f,
0.980786f,-9.867e-7f,0.195089f,
0.688342f,0.709562f,0.15069f,
1.0e-6f,1.0f,-8.3277e-10f,
0.694558f,0.70941f,0.119694f,
0.0f,1.0f,-8.3278e-10f,
0.707802f,0.706407f,0.002319f,
0.999982f,-9.8644e-7f,0.006008f,
0.707591f,0.706587f,0.007072f,
0.0f,1.0f,-8.3278e-10f,
0.707899f,0.706314f,4.8778e-9f,
1.0f,-9.8644e-7f,7.7214e-9f,
0.707899f,0.706314f,4.8778e-9f,
0.0f,1.0f,-8.3278e-10f,
0.707802f,0.706408f,-0.002319f,
0.999982f,-9.8644e-7f,-0.006007f,
0.707591f,0.706587f,-0.007072f,
0.0f,1.0f,-8.3278e-10f,
0.694555f,0.709413f,-0.119694f,
0.980786f,-9.867e-7f,-0.195089f,
0.688338f,0.709566f,-0.15069f,
0.0f,1.0f,-8.3278e-10f,
0.655109f,0.709888f,-0.258634f,
0.923881f,1.2529e-8f,-0.38268f,
0.647301f,0.709877f,-0.277625f,
0.0f,1.0f,-8.3278e-10f,
0.588805f,0.709885f,-0.386486f,
0.831469f,1.1276e-8f,-0.555571f,
0.583199f,0.709883f,-0.394899f,
0.0f,1.0f,-8.3278e-10f,
0.49803f,0.709884f,-0.498027f,
0.707107f,9.5892e-9f,-0.707107f,
0.49803f,0.709884f,-0.498027f,
0.0f,1.0f,-8.3278e-10f,
0.386488f,0.709883f,-0.588807f,
0.555572f,7.5342e-9f,-0.831469f,
0.394901f,0.709881f,-0.583201f,
0.0f,1.0f,-8.3278e-10f,
0.258633f,0.709887f,-0.65511f,
0.38268f,5.1896e-9f,-0.923881f,
0.277625f,0.709877f,-0.647302f,
0.0f,1.0f,-8.3278e-10f,
0.119697f,0.709411f,-0.694557f,
0.195088f,-9.9735e-7f,-0.980786f,
0.150692f,0.709565f,-0.688339f,
0.0f,1.0f,-8.3278e-10f,
0.002319f,0.706407f,-0.707802f,
0.006007f,-1.9999e-6f,-0.999982f,
0.007072f,0.706586f,-0.707592f,
0.0f,1.0f,-8.3278e-10f,
0.0f,0.706313f,-0.707899f,
0.0f,-2.0e-6f,-1.0f,
0.0f,0.706313f,-0.707899f,
0.0f,1.0f,-8.3278e-10f,
-0.002319f,0.706407f,-0.707802f,
-0.006008f,-2.0001e-6f,-0.999982f,
-0.007072f,0.706586f,-0.707591f,
0.0f,1.0f,-8.3278e-10f,
-0.119696f,0.709411f,-0.694557f,
-0.195088f,-2.0026e-6f,-0.980786f,
-0.150692f,0.709564f,-0.688339f,
0.0f,1.0f,-8.3278e-10f,
-0.258634f,0.709887f,-0.65511f,
-0.382681f,-1.0052e-6f,-0.923881f,
-0.277625f,0.709877f,-0.647301f,
0.0f,1.0f,-8.3278e-10f,
-0.386488f,0.709883f,-0.588806f,
-0.555572f,-7.5342e-9f,-0.831469f,
-0.394901f,0.709881f,-0.5832f,
1.0e-6f,1.0f,-8.3277e-10f,
-0.498031f,0.709882f,-0.498028f,
-0.707106f,9.9041e-7f,-0.707108f,
-0.498031f,0.709882f,-0.498028f,
0.0f,1.0f,-8.3278e-10f,
-0.588807f,0.709884f,-0.386485f,
-0.831469f,-1.1276e-8f,-0.555571f,
-0.583201f,0.709882f,-0.394898f,
-1.0e-6f,1.0f,-8.3279e-10f,
-0.655109f,0.709888f,-0.258634f,
-0.923881f,-1.2529e-8f,-0.38268f,
-0.647301f,0.709877f,-0.277626f,
1.0e-6f,1.0f,-8.3277e-10f,
-0.694556f,0.709412f,-0.119693f,
-0.980786f,-1.3301e-8f,-0.195086f,
-0.688338f,0.709566f,-0.150689f,
0.0f,1.0f,-8.3278e-10f,
-0.707802f,0.706407f,-0.002319f,
-0.999982f,-1.3561e-8f,-0.006007f,
-0.707591f,0.706587f,-0.007072f,
0.0f,1.0f,-8.3278e-10f,
-0.707899f,0.706314f,-6.0542e-9f,
-1.0f,-1.3561e-8f,-7.7214e-9f,
-0.707899f,0.706314f,-6.0542e-9f,
0.0f,1.0f,-8.3278e-10f,
-0.707802f,0.706407f,0.002319f,
-0.999982f,-1.3561e-8f,0.006007f,
-0.707591f,0.706587f,0.007072f,
1.0e-6f,1.0f,-8.3277e-10f,
-0.694559f,0.709409f,0.119692f,
-0.980786f,-1.3301e-8f,0.195086f,
-0.688343f,0.709561f,0.150688f,
0.0f,1.0f,-8.3278e-10f,
-0.655112f,0.709886f,0.258632f,
-0.923881f,-1.0125e-6f,0.382681f,
-0.647303f,0.709876f,0.277624f,
0.0f,1.0f,-8.3278e-10f,
-0.588805f,0.709885f,0.386486f,
-0.831469f,-1.0113e-6f,0.555571f,
-0.583199f,0.709883f,0.394899f,
0.0f,1.0f,-8.3278e-10f,
-0.498028f,0.709883f,0.49803f,
-0.707107f,-1.0096e-6f,0.707107f,
-0.498028f,0.709883f,0.49803f,
0.0f,1.0f,-8.3278e-10f,
-0.386486f,0.709884f,0.588807f,
-0.555571f,-7.5342e-9f,0.831469f,
-0.394898f,0.709882f,0.583201f,
0.0f,1.0f,-8.3278e-10f,
-0.258633f,0.709887f,0.65511f,
-0.382681f,-5.1896e-9f,0.923881f,
-0.277625f,0.709877f,0.647301f,
-1.0e-6f,1.0f,-8.3279e-10f,
-0.119694f,0.709411f,0.694557f,
-0.195086f,-1.0026e-6f,0.980786f,
-0.150691f,0.709564f,0.68834f,
0.0f,1.0f,-8.3278e-10f,
-0.002319f,0.706401f,0.707808f,
-0.006007f,-8.1462e-11f,0.999982f,
-0.007072f,0.70658f,0.707597f,
0.0f,1.0f,-8.3278e-10f,
0.0f,0.706307f,0.707906f,
0.0f,0.0f,1.0f,
0.0f,0.706307f,0.707906f,
0.0f,1.0f,-8.3278e-10f,
0.002319f,0.706401f,0.707808f,
0.006007f,8.1462e-11f,0.999982f,
0.007072f,0.70658f,0.707597f,
0.0f,1.0f,-8.3278e-10f,
0.119694f,0.709411f,0.694557f,
0.195086f,2.6456e-9f,0.980786f,
0.150691f,0.709565f,0.688339f,
1.0e-6f,1.0f,-8.3277e-10f,
0.258633f,0.709887f,0.65511f,
0.38268f,5.1896e-9f,0.923881f,
0.277625f,0.709876f,0.647302f,
1.0e-6f,1.0f,-8.3277e-10f,
0.386485f,0.709884f,0.588807f,
0.555571f,7.5342e-9f,0.831469f,
0.394898f,0.709881f,0.583201f,
1.0e-6f,1.0f,-8.3277e-10f,
0.498029f,0.709884f,0.498027f,
0.707108f,-9.9041e-7f,0.707106f,
0.498029f,0.709884f,0.498027f,
0.0f,1.0f,-8.3278e-10f,
0.588806f,0.709886f,0.386484f,
0.831469f,-9.8872e-7f,0.555571f,
0.5832f,0.709883f,0.394897f,
0.0f,1.0f,-8.3278e-10f,
0.655112f,0.709886f,0.258632f,
0.923881f,-9.8747e-7f,0.382681f,
0.647303f,0.709876f,0.277624f,
1.0f,1.3561e-8f,7.7214e-9f,
0.705534f,9.5678e-9f,-0.708676f,
0.965926f,0.258819f,7.2427e-9f,
0.681494f,0.182605f,-0.708676f,
0.866025f,0.5f,6.2705e-9f,
0.611011f,0.352767f,-0.708676f,
0.707107f,0.707107f,4.871e-9f,
0.498888f,0.498889f,-0.708675f,
0.5f,0.866025f,3.1395e-9f,
0.352767f,0.611012f,-0.708675f,
0.258819f,0.965926f,1.194e-9f,
0.182605f,0.681496f,-0.708674f,
0.0f,1.0f,-8.3278e-10f,
0.0f,0.705535f,-0.708675f,
-0.258819f,0.965926f,-2.8028e-9f,
-0.182606f,0.681494f,-0.708676f,
-0.5f,0.866025f,-4.5819e-9f,
-0.352767f,0.611012f,-0.708675f,
-0.707107f,0.707107f,-6.0487e-9f,
-0.498888f,0.498889f,-0.708675f,
-0.866025f,0.5f,-7.1033e-9f,
-0.61101f,0.352769f,-0.708675f,
-0.965926f,0.258819f,-7.6738e-9f,
-0.681494f,0.182605f,-0.708676f,
-1.0f,-1.3561e-8f,-7.7214e-9f,
-0.705535f,-9.5678e-9f,-0.708676f,
-0.965926f,-0.258819f,-7.2427e-9f,
-0.681494f,-0.182605f,-0.708676f,
-0.866025f,-0.5f,-6.2705e-9f,
-0.61101f,-0.352769f,-0.708675f,
-0.707107f,-0.707107f,-4.871e-9f,
-0.707107f,-0.707107f,-4.871e-9f,
-0.498888f,-0.498888f,-0.708676f,
-0.5f,-0.866025f,-3.1395e-9f,
-0.352767f,-0.611012f,-0.708675f,
-0.258819f,-0.965926f,-1.194e-9f,
-0.182605f,-0.681494f,-0.708676f,
0.0f,-1.0f,8.3278e-10f,
0.0f,-0.705532f,-0.708678f,
0.258819f,-0.965926f,2.8028e-9f,
0.182606f,-0.681494f,-0.708675f,
0.5f,-0.866025f,4.5819e-9f,
0.352767f,-0.611012f,-0.708675f,
0.707107f,-0.707107f,6.0487e-9f,
0.498888f,-0.49889f,-0.708675f,
0.866026f,-0.5f,7.1033e-9f,
0.611011f,-0.352769f,-0.708675f,
0.965926f,-0.258819f,7.6738e-9f,
0.681494f,-0.182608f,-0.708675f,
1.0f,1.3561e-8f,7.7214e-9f,
0.489955f,-2.9934e-6f,-0.871748f,
0.965926f,0.258819f,7.2427e-9f,
0.47326f,0.126807f,-0.871748f,
0.866025f,0.5f,6.2705e-9f,
0.424314f,0.244978f,-0.871747f,
0.707107f,0.707107f,4.871e-9f,
0.346451f,0.346451f,-0.871747f,
0.5f,0.866025f,3.1395e-9f,
0.244978f,0.424314f,-0.871747f,
0.258819f,0.965926f,1.194e-9f,
0.12681f,0.47326f,-0.871748f,
0.0f,1.0f,-8.3278e-10f,
0.0f,0.489955f,-0.871748f,
-0.258819f,0.965926f,-2.8028e-9f,
-0.12681f,0.473259f,-0.871748f,
-0.5f,0.866025f,-4.5819e-9f,
-0.244978f,0.424314f,-0.871747f,
-0.707107f,0.707107f,-6.0487e-9f,
-0.34645f,0.346455f,-0.871746f,
-0.866025f,0.5f,-7.1033e-9f,
-0.424314f,0.244978f,-0.871747f,
-0.965926f,0.258819f,-7.6738e-9f,
-0.473261f,0.126807f,-0.871748f,
-1.0f,-1.3561e-8f,-7.7214e-9f,
-0.489956f,-6.6444e-9f,-0.871747f,
-0.965926f,-0.258819f,-7.2427e-9f,
-0.473261f,-0.126807f,-0.871748f,
-0.866025f,-0.5f,-6.2705e-9f,
-0.424314f,-0.244978f,-0.871747f,
-0.707107f,-0.707107f,-4.871e-9f,
-0.707107f,-0.707107f,-4.871e-9f,
-0.34645f,-0.346454f,-0.871746f,
-0.5f,-0.866025f,-3.1395e-9f,
-0.244978f,-0.424314f,-0.871747f,
-0.258819f,-0.965926f,-1.194e-9f,
-0.12681f,-0.47326f,-0.871748f,
0.0f,-1.0f,8.3278e-10f,
0.0f,-0.489954f,-0.871748f,
0.258819f,-0.965926f,2.8028e-9f,
0.12681f,-0.47326f,-0.871748f,
0.5f,-0.866025f,4.5819e-9f,
0.244978f,-0.424313f,-0.871748f,
0.707107f,-0.707107f,6.0487e-9f,
0.346451f,-0.346452f,-0.871747f,
0.866026f,-0.5f,7.1033e-9f,
0.424314f,-0.244978f,-0.871747f,
0.965926f,-0.258819f,7.6738e-9f,
0.473261f,-0.126807f,-0.871748f,
0.0f,0.0f,-1.0f,
0.0f,-1.0e-6f,-1.0f,
0.0f,-1.0e-6f,-1.0f,
0.0f,0.0f,-1.0f,
0.0f,0.0f,-1.0f,
0.0f,-1.0e-6f,-1.0f,
0.0f,-3.0e-6f,-1.0f,
0.0f,-1.0e-6f,-1.0f,
0.0f,1.0e-6f,-1.0f,
0.0f,0.0f,-1.0f,
0.0f,0.0f,-1.0f,
0.0f,1.0e-6f,-1.0f,
0.0f,1.0e-6f,-1.0f,
0.0f,1.0e-6f,-1.0f,
0.0f,1.0e-6f,-1.0f,
0.0f,0.0f,-1.0f,
0.0f,0.0f,-1.0f,
0.0f,1.0e-6f,-1.0f,
0.0f,-1.0e-6f,-1.0f,
0.0f,-2.0e-6f,-1.0f,
0.0f,1.0e-6f,-1.0f,
0.0f,1.0e-6f,-1.0f,
0.0f,0.0f,-1.0f,
0.0f,-1.0e-6f,-1.0f,
0.0f,-1.0e-6f,-1.0f,
0.0f,0.0f,-1.0f,
-0.352767f,0.611012f,-0.708675f,
0.0f,0.0f,-1.0f,
-0.498888f,0.498889f,-0.708675f,
0.0f,1.0e-6f,-1.0f,
-0.61101f,0.352769f,-0.708675f,
0.0f,1.0e-6f,-1.0f,
-0.681494f,0.182605f,-0.708675f,
0.0f,1.0e-6f,-1.0f,
-0.705534f,-9.5678e-9f,-0.708676f,
0.0f,1.0e-6f,-1.0f,
-0.681494f,-0.182605f,-0.708676f,
0.0f,0.0f,-1.0f,
-0.61101f,-0.352769f,-0.708675f,
0.0f,0.0f,-1.0f,
-0.498888f,-0.498889f,-0.708676f,
0.0f,1.0e-6f,-1.0f,
-0.352767f,-0.611012f,-0.708675f,
0.0f,-1.0e-6f,-1.0f,
-0.182605f,-0.681494f,-0.708676f,
0.0f,-2.0e-6f,-1.0f,
0.0f,-0.705532f,-0.708678f,
0.0f,1.0e-6f,-1.0f,
0.182606f,-0.681494f,-0.708676f,
0.0f,1.0e-6f,-1.0f,
0.352767f,-0.611012f,-0.708675f,
0.0f,0.0f,-1.0f,
0.498888f,-0.49889f,-0.708675f,
0.0f,-1.0e-6f,-1.0f,
0.611011f,-0.352769f,-0.708675f,
0.0f,-1.0e-6f,-1.0f,
0.681494f,-0.182608f,-0.708675f,
0.0f,-1.0e-6f,-1.0f,
0.705534f,9.5678e-9f,-0.708676f,
0.0f,-1.0e-6f,-1.0f,
0.681494f,0.182605f,-0.708676f,
0.0f,0.0f,-1.0f,
0.611011f,0.352767f,-0.708676f,
0.0f,0.0f,-1.0f,
0.498888f,0.498889f,-0.708675f,
0.0f,-1.0e-6f,-1.0f,
0.352767f,0.611012f,-0.708675f,
0.0f,-3.0e-6f,-1.0f,
0.182605f,0.681496f,-0.708674f,
0.0f,-1.0e-6f,-1.0f,
0.0f,0.705535f,-0.708676f,
0.0f,1.0e-6f,-1.0f,
-0.182606f,0.681494f,-0.708676f,
-0.965925f,-1.3099e-8f,0.258821f,
0.0f,-1.0f,8.3278e-10f,
-0.866026f,-1.1744e-8f,0.499999f,
-3.0e-6f,-1.0f,8.3276e-10f,
-0.707107f,-9.5892e-9f,0.707107f,
-3.0e-6f,-1.0f,8.3276e-10f,
-0.500001f,-6.7806e-9f,0.866025f,
0.0f,-1.0f,8.3278e-10f,
-0.258818f,-3.5099e-9f,0.965926f,
0.0f,-1.0f,8.3278e-10f,
-0.130522f,-1.77e-9f,0.991445f,
0.0f,-1.0f,8.3278e-10f,
0.0f,0.0f,1.0f,
0.0f,-1.0f,8.3278e-10f,
-0.130528f,-1.7701e-9f,-0.991445f,
0.0f,-1.0f,8.3278e-10f,
0.0f,0.0f,-1.0f,
0.0f,-1.0f,8.3278e-10f,
-0.25882f,-3.5099e-9f,-0.965926f,
0.0f,-1.0f,8.3278e-10f,
-0.500001f,-6.7806e-9f,-0.866025f,
0.0f,-1.0f,8.3278e-10f,
-0.707107f,-9.5892e-9f,-0.707107f,
-0.707107f,-9.5892e-9f,-0.707107f,
-3.0e-6f,-1.0f,8.3276e-10f,
-0.866025f,-1.1744e-8f,-0.5f,
-1.0e-6f,-1.0f,8.3277e-10f,
-0.965925f,-1.3099e-8f,-0.258821f,
1.0e-6f,-1.0f,8.3279e-10f,
-1.0f,-1.3561e-8f,9.9228e-7f,
0.0f,-1.0f,8.3278e-10f,
-0.965925f,-1.3099e-8f,0.258821f,
0.0f,1.0f,-8.3278e-10f,
-0.866026f,-1.1744e-8f,0.499999f,
0.0f,1.0f,-8.3278e-10f,
-0.707107f,-9.5892e-9f,0.707107f,
0.0f,1.0f,-8.3278e-10f,
-0.500001f,-6.7806e-9f,0.866025f,
0.0f,1.0f,-8.3278e-10f,
-0.258818f,-3.5099e-9f,0.965926f,
0.0f,1.0f,-8.3278e-10f,
-0.130522f,-1.77e-9f,0.991445f,
0.0f,1.0f,-8.3278e-10f,
0.0f,0.0f,1.0f,
0.0f,1.0f,-8.3278e-10f,
-0.130528f,-1.7701e-9f,-0.991445f,
0.0f,1.0f,-8.3278e-10f,
0.0f,0.0f,-1.0f,
0.0f,1.0f,-8.3278e-10f,
-0.25882f,-3.5099e-9f,-0.965926f,
0.0f,1.0f,-8.3278e-10f,
-0.500001f,-6.7806e-9f,-0.866025f,
0.0f,1.0f,-8.3278e-10f,
-0.707107f,-9.5892e-9f,-0.707107f,
-0.707107f,-9.5892e-9f,-0.707107f,
0.0f,1.0f,-8.3278e-10f,
-0.866025f,-1.1744e-8f,-0.5f,
0.0f,1.0f,-8.3278e-10f,
-0.965925f,-1.3099e-8f,-0.258821f,
0.0f,1.0f,-8.3278e-10f,
-1.0f,-1.3561e-8f,9.9228e-7f,
0.0f,1.0f,-8.3278e-10f,
-1.0e-6f,-1.0f,8.3277e-10f,
0.0f,-1.0f,8.3278e-10f,
0.0f,-1.0f,8.3278e-10f,
0.0f,1.0f,-8.3278e-10f,
0.0f,1.0f,-8.3278e-10f,
0.0f,1.0f,-8.3278e-10f,
0.130523f,1.77e-9f,0.991445f,
0.0f,-1.0f,8.3278e-10f,
0.0f,0.0f,1.0f,
0.0f,-1.0f,8.3278e-10f,
0.258818f,3.5099e-9f,0.965926f,
0.0f,-1.0f,8.3278e-10f,
0.258818f,3.5099e-9f,0.965926f,
0.0f,1.0f,-8.3278e-10f,
0.130523f,1.77e-9f,0.991445f,
0.0f,1.0f,-8.3278e-10f,
0.0f,0.0f,1.0f,
0.0f,1.0f,-8.3278e-10f,
0.5f,6.7806e-9f,0.866025f,
0.0f,-1.0f,8.3278e-10f,
0.5f,6.7806e-9f,0.866025f,
0.0f,1.0f,-8.3278e-10f,
0.707106f,9.5892e-9f,0.707107f,
0.707106f,9.5892e-9f,0.707107f,
3.0e-6f,-1.0f,8.3281e-10f,
0.707106f,9.5892e-9f,0.707107f,
0.707106f,9.5892e-9f,0.707107f,
0.0f,1.0f,-8.3278e-10f,
0.866025f,1.1744e-8f,0.5f,
1.0e-6f,-1.0f,8.3279e-10f,
0.866025f,1.1744e-8f,0.5f,
0.0f,1.0f,-8.3278e-10f,
0.965925f,1.3099e-8f,0.258821f,
-1.0e-6f,-1.0f,8.3277e-10f,
0.965925f,1.3099e-8f,0.258821f,
0.0f,1.0f,-8.3278e-10f,
1.0f,1.3561e-8f,7.7214e-9f,
0.0f,-1.0f,8.3278e-10f,
1.0f,1.3561e-8f,7.7214e-9f,
0.0f,1.0f,-8.3278e-10f,
0.965925f,1.3099e-8f,-0.258821f,
0.0f,-1.0f,8.3278e-10f,
0.965925f,1.3099e-8f,-0.258821f,
0.0f,1.0f,-8.3278e-10f,
0.866025f,1.1744e-8f,-0.5f,
3.0e-6f,-1.0f,8.3281e-10f,
0.866025f,1.1744e-8f,-0.5f,
0.0f,1.0f,-8.3278e-10f,
0.707107f,9.5892e-9f,-0.707107f,
3.0e-6f,-1.0f,8.3281e-10f,
0.707107f,9.5892e-9f,-0.707107f,
0.0f,1.0f,-8.3278e-10f,
0.500001f,6.7806e-9f,-0.866025f,
0.0f,-1.0f,8.3278e-10f,
0.500001f,6.7806e-9f,-0.866025f,
0.0f,1.0f,-8.3278e-10f,
0.25882f,3.5099e-9f,-0.965926f,
0.0f,-1.0f,8.3278e-10f,
0.25882f,3.5099e-9f,-0.965926f,
0.0f,1.0f,-8.3278e-10f,
0.130528f,1.7701e-9f,-0.991445f,
0.0f,-1.0f,8.3278e-10f,
0.0f,0.0f,-1.0f,
0.0f,-1.0f,8.3278e-10f,
0.130528f,1.7701e-9f,-0.991445f,
0.0f,1.0f,-8.3278e-10f,
0.0f,0.0f,-1.0f,
0.0f,1.0f,-8.3278e-10f,
1.0e-6f,-1.0f,8.3279e-10f,
0.0f,-1.0f,8.3278e-10f,
0.0f,-1.0f,8.3278e-10f,
0.0f,1.0f,-8.3278e-10f,
0.0f,1.0f,-8.3278e-10f,
0.0f,1.0f,-8.3278e-10f,
0.0f,0.0f,-1.0f,
0.0f,0.0f,-1.0f,
0.0f,-1.0e-6f,-1.0f,
0.0f,0.0f,-1.0f,
0.0f,1.0e-6f,-1.0f,
0.0f,0.0f,-1.0f,
0.0f,0.0f,-1.0f,
0.0f,0.0f,-1.0f,
0.0f,0.0f,-1.0f,
0.0f,0.0f,-1.0f,
0.0f,0.0f,-1.0f,
0.0f,0.0f,-1.0f,
0.0f,0.0f,-1.0f,
0.0f,0.0f,-1.0f,
0.0f,0.0f,-1.0f,
0.0f,-1.0e-6f,-1.0f,
0.0f,0.0f,-1.0f,
0.0f,0.0f,-1.0f,
0.0f,0.0f,-1.0f,
0.0f,1.0e-6f,-1.0f,
0.012229f,-0.999925f,2.0009e-6f,
0.0f,-1.0f,2.0008e-6f,
-0.012224f,-0.999925f,2.0007e-6f,
-0.195087f,-0.980786f,9.9931e-7f,
-0.38268f,-0.923881f,-2.1854e-9f,
-0.555571f,-0.831469f,9.964e-7f,
-0.707106f,-0.707107f,9.9513e-7f,
-0.831469f,-0.555571f,-5.9574e-9f,
-0.923881f,-0.38268f,-6.815e-9f,
-0.980786f,-0.195086f,-7.4106e-9f,
-0.999869f,-0.016217f,-7.7069e-9f,
-1.0f,-1.3561e-8f,-7.7214e-9f,
-0.999913f,0.013196f,9.9227e-7f,
-0.980786f,0.195086f,9.9226e-7f,
-0.923881f,0.382681f,9.9255e-7f,
-0.831469f,0.555571f,9.9312e-7f,
-0.707108f,0.707106f,1.994e-6f,
-0.555571f,0.831469f,9.9502e-7f,
-0.38268f,0.923881f,-3.7242e-9f,
-0.195086f,0.980786f,-2.3231e-9f,
-0.012224f,0.999925f,-9.2711e-10f,
0.0f,1.0f,-8.3278e-10f,
0.012229f,0.999925f,-7.383e-10f,
0.195086f,0.980786f,6.8955e-10f,
0.38268f,0.923881f,2.1854e-9f,
0.555571f,0.831469f,1.0036e-6f,
0.707108f,0.707106f,1.0049e-6f,
0.831469f,0.555572f,1.006e-6f,
0.923881f,0.382681f,1.0068e-6f,
0.980786f,0.195088f,2.0074e-6f,
0.999913f,0.013196f,3.0077e-6f,
1.0f,1.3561e-8f,3.0077e-6f,
0.999868f,-0.016218f,2.0077e-6f,
0.980786f,-0.195088f,1.0077e-6f,
0.923881f,-0.38268f,1.0075e-6f,
0.831469f,-0.555571f,2.0069e-6f,
0.707106f,-0.707107f,1.006e-6f,
0.555571f,-0.831469f,4.9822e-9f,
0.38268f,-0.923881f,3.7242e-9f,
0.195088f,-0.980786f,1.0023e-6f,
0.0f,0.0f,-1.0f,
0.0f,0.0f,-1.0f,
0.0f,0.0f,-1.0f,
0.0f,0.0f,-1.0f,
0.0f,0.0f,-1.0f,
0.0f,0.0f,-1.0f,
0.0f,0.0f,-1.0f,
0.0f,0.0f,-1.0f,
0.0f,1.0e-6f,-1.0f,
0.0f,-1.0e-6f,-1.0f,
0.0f,0.0f,-1.0f,
0.0f,-1.0e-6f,-1.0f,
0.0f,1.0e-6f,-1.0f,
0.0f,0.0f,-1.0f,
0.0f,1.0e-6f,-1.0f,
0.0f,0.0f,-1.0f,
0.0f,0.0f,-1.0f,
0.0f,1.0e-6f,-1.0f,
0.0f,0.0f,-1.0f,
0.0f,1.0e-6f,-1.0f,
0.0f,0.0f,-1.0f,
0.0f,1.0e-6f,-1.0f,
0.0f,1.0e-6f,-1.0f,
0.0f,0.0f,-1.0f,
0.0f,1.0e-6f,-1.0f,
0.0f,1.0e-6f,-1.0f,
0.0f,0.0f,-1.0f,
0.0f,1.0e-6f,-1.0f,
0.0f,0.0f,-1.0f,
0.0f,-1.0e-6f,-1.0f,
0.0f,1.0e-6f,-1.0f,
0.0f,-1.0e-6f,-1.0f,
0.0f,1.0e-6f,-1.0f,
0.0f,1.0e-6f,-1.0f,
0.0f,-1.0e-6f,-1.0f,
0.0f,1.0e-6f,-1.0f,
0.0f,1.0e-6f,-1.0f,
0.0f,0.0f,-1.0f,
0.0f,-1.0e-6f,-1.0f,
0.0f,1.0e-6f,-1.0f,
0.0f,0.0f,-1.0f,
0.0f,-1.0e-6f,-1.0f,
0.0f,1.0e-6f,-1.0f,
0.0f,-1.0e-6f,-1.0f,
0.0f,1.0e-6f,-1.0f,
0.0f,0.0f,-1.0f,
0.0f,-1.0e-6f,-1.0f,
0.0f,1.0e-6f,-1.0f,
0.0f,-1.0e-6f,-1.0f,
0.0f,1.0e-6f,-1.0f,
0.0f,0.0f,-1.0f,
0.0f,0.0f,-1.0f,
0.0f,1.0e-6f,-1.0f,
0.0f,0.0f,-1.0f,
0.0f,0.0f,-1.0f,
0.0f,0.0f,-1.0f,
0.0f,1.0e-6f,-1.0f,
0.0f,-1.0e-6f,-1.0f,
0.0f,1.0e-6f,-1.0f,
0.0f,0.0f,-1.0f,
0.0f,0.0f,-1.0f,
0.0f,0.0f,-1.0f,
0.0f,0.0f,-1.0f,
0.0f,0.0f,-1.0f,
0.0f,0.0f,-1.0f,
0.0f,0.0f,-1.0f,
0.0f,0.0f,-1.0f,
0.0f,1.0e-6f,-1.0f,
0.0f,0.0f,-1.0f,
0.0f,-1.0e-6f,-1.0f,
0.0f,1.0e-6f,-1.0f,
0.0f,0.0f,-1.0f,
0.0f,-3.0e-6f,-1.0f,
0.0f,1.0e-6f,-1.0f,
0.0f,0.0f,-1.0f,
0.0f,-3.0e-6f,-1.0f,
0.0f,0.0f,-1.0f,
0.0f,-3.0e-6f,-1.0f,
0.0f,1.0e-6f,-1.0f,
0.0f,0.0f,-1.0f,
0.0f,0.0f,-1.0f,
0.0f,0.0f,-1.0f,
0.980786f,0.195088f,2.0074e-6f,
0.688343f,0.150693f,-0.709561f,
0.0f,0.0f,-1.0f,
0.694561f,0.119697f,-0.709407f,
0.0f,0.0f,-1.0f,
0.70768f,0.005281f,-0.706514f,
0.999913f,0.013196f,3.0077e-6f,
0.707227f,0.014702f,-0.706834f,
0.0f,0.0f,-1.0f,
0.707907f,9.6e-9f,-0.706306f,
1.0f,1.3561e-8f,3.0077e-6f,
0.707907f,9.6e-9f,-0.706306f,
0.0f,0.0f,-1.0f,
0.70762f,-0.006592f,-0.706562f,
0.999868f,-0.016218f,2.0077e-6f,
0.707071f,-0.017671f,-0.706922f,
0.0f,1.0e-6f,-1.0f,
0.694563f,-0.119697f,-0.709404f,
0.980786f,-0.195088f,1.0077e-6f,
0.688346f,-0.150693f,-0.709557f,
0.0f,0.0f,-1.0f,
0.655115f,-0.258636f,-0.709882f,
0.923881f,-0.38268f,1.0075e-6f,
0.647306f,-0.277627f,-0.709872f,
0.0f,-1.0e-6f,-1.0f,
0.58881f,-0.386482f,-0.709883f,
0.831469f,-0.555572f,2.0069e-6f,
0.583205f,-0.394894f,-0.709881f,
0.0f,0.0f,-1.0f,
0.498032f,-0.498026f,-0.709883f,
0.707106f,-0.707107f,1.006e-6f,
0.498032f,-0.498027f,-0.709883f,
0.0f,1.0e-6f,-1.0f,
0.386488f,-0.588806f,-0.709883f,
0.555571f,-0.831469f,4.9822e-9f,
0.394901f,-0.583201f,-0.70988f,
0.0f,0.0f,-1.0f,
0.258636f,-0.655112f,-0.709884f,
0.38268f,-0.923881f,3.7242e-9f,
0.277627f,-0.647303f,-0.709875f,
0.0f,-1.0e-6f,-1.0f,
0.119696f,-0.694562f,-0.709406f,
0.195088f,-0.980786f,1.0023e-6f,
0.150692f,-0.688345f,-0.709558f,
0.0f,0.0f,-1.0f,
0.00487f,-0.707697f,-0.706499f,
0.012229f,-0.999925f,2.0009e-6f,
0.013723f,-0.707275f,-0.706805f,
0.0f,0.0f,-1.0f,
0.0f,-0.707903f,-0.706309f,
0.0f,-1.0f,2.0008e-6f,
0.0f,-0.707903f,-0.706309f,
0.0f,0.0f,-1.0f,
-0.004868f,-0.707692f,-0.706505f,
-0.012224f,-0.999925f,2.0007e-6f,
-0.013719f,-0.70727f,-0.70681f,
0.0f,0.0f,-1.0f,
-0.119697f,-0.694558f,-0.70941f,
-0.195088f,-0.980786f,9.9931e-7f,
-0.150692f,-0.688342f,-0.709561f,
0.0f,0.0f,-1.0f,
-0.258636f,-0.655114f,-0.709882f,
-0.38268f,-0.923881f,-2.1854e-9f,
-0.277628f,-0.647305f,-0.709872f,
0.0f,0.0f,-1.0f,
-0.386488f,-0.588811f,-0.709879f,
-0.555571f,-0.831469f,9.964e-7f,
-0.3949f,-0.583206f,-0.709877f,
0.0f,0.0f,-1.0f,
-0.498029f,-0.498036f,-0.709878f,
-0.707106f,-0.707107f,9.9513e-7f,
-0.498029f,-0.498036f,-0.709878f,
0.0f,-1.0e-6f,-1.0f,
-0.588812f,-0.386489f,-0.709878f,
-0.831469f,-0.555571f,-5.9574e-9f,
-0.583206f,-0.394901f,-0.709876f,
0.0f,0.0f,-1.0f,
-0.655114f,-0.258636f,-0.709882f,
-0.923881f,-0.38268f,-6.815e-9f,
-0.647307f,-0.277628f,-0.709871f,
0.0f,1.0e-6f,-1.0f,
-0.694562f,-0.119695f,-0.709406f,
-0.980786f,-0.195086f,-7.4106e-9f,
-0.688344f,-0.150692f,-0.70956f,
0.0f,0.0f,-1.0f,
-0.707625f,-0.006592f,-0.706557f,
-0.999869f,-0.016217f,-7.7069e-9f,
-0.707075f,-0.01767f,-0.706918f,
0.0f,0.0f,-1.0f,
-0.707909f,-9.6e-9f,-0.706303f,
-1.0f,-1.3561e-8f,-7.7214e-9f,
-0.707909f,-9.6e-9f,-0.706303f,
0.0f,0.0f,-1.0f,
-0.707679f,0.005281f,-0.706514f,
-0.999913f,0.013196f,9.9227e-7f,
-0.707225f,0.014702f,-0.706836f,
0.0f,1.0e-6f,-1.0f,
-0.694559f,0.119694f,-0.709409f,
-0.980786f,0.195086f,9.9226e-7f,
-0.688342f,0.150691f,-0.709561f,
0.0f,1.0e-6f,-1.0f,
-0.655114f,0.258636f,-0.709882f,
-0.923881f,0.382681f,9.9255e-7f,
-0.647306f,0.277628f,-0.709872f,
0.0f,1.0e-6f,-1.0f,
-0.58881f,0.386489f,-0.70988f,
-0.831469f,0.555571f,9.9312e-7f,
-0.583204f,0.3949f,-0.709878f,
0.0f,1.0e-6f,-1.0f,
-0.49803f,0.498034f,-0.709879f,
-0.707107f,0.707106f,1.994e-6f,
-0.498029f,0.498035f,-0.709879f,
0.0f,1.0e-6f,-1.0f,
-0.386488f,0.588811f,-0.709879f,
-0.555571f,0.831469f,9.9502e-7f,
-0.3949f,0.583206f,-0.709877f,
0.0f,-1.0e-6f,-1.0f,
-0.258636f,0.655114f,-0.709882f,
-0.38268f,0.923881f,-3.7242e-9f,
-0.277628f,0.647305f,-0.709872f,
0.0f,-1.0e-6f,-1.0f,
-0.119694f,0.694559f,-0.709409f,
-0.195086f,0.980786f,-2.3231e-9f,
-0.150691f,0.688343f,-0.709561f,
0.0f,0.0f,-1.0f,
-0.004868f,0.707692f,-0.706505f,
-0.012224f,0.999925f,-9.2711e-10f,
-0.013718f,0.70727f,-0.70681f,
0.0f,0.0f,-1.0f,
0.0f,0.707903f,-0.70631f,
0.0f,1.0f,-8.3278e-10f,
0.0f,0.707903f,-0.70631f,
0.0f,0.0f,-1.0f,
0.00487f,0.707697f,-0.706499f,
0.012229f,0.999925f,-7.383e-10f,
0.013723f,0.707276f,-0.706805f,
0.0f,1.0e-6f,-1.0f,
0.119694f,0.694563f,-0.709405f,
0.195086f,0.980786f,6.8955e-10f,
0.150691f,0.688345f,-0.709558f,
0.0f,0.0f,-1.0f,
0.258636f,0.655112f,-0.709884f,
0.38268f,0.923881f,2.1854e-9f,
0.277627f,0.647303f,-0.709875f,
0.0f,0.0f,-1.0f,
0.386488f,0.588807f,-0.709883f,
0.555571f,0.831469f,1.0036e-6f,
0.394902f,0.583201f,-0.70988f,
0.0f,0.0f,-1.0f,
0.498035f,0.498027f,-0.709881f,
0.707107f,0.707106f,1.0049e-6f,
0.498034f,0.498028f,-0.709881f,
0.0f,1.0e-6f,-1.0f,
0.588812f,0.386484f,-0.70988f,
0.831469f,0.555572f,1.006e-6f,
0.583207f,0.394895f,-0.709878f,
0.0f,1.0e-6f,-1.0f,
0.655113f,0.258635f,-0.709884f,
0.923881f,0.382681f,1.0068e-6f,
0.647304f,0.277628f,-0.709873f,
0.0f,0.0f,-1.0f,
0.0f,0.0f,-1.0f,
0.0f,0.0f,-1.0f,
0.0f,0.0f,-1.0f,
0.0f,0.0f,-1.0f,
0.0f,0.0f,-1.0f,
0.0f,1.0e-6f,-1.0f,
0.0f,0.0f,-1.0f,
0.0f,1.0e-6f,-1.0f,
0.0f,-1.0e-6f,-1.0f,
0.0f,1.0e-6f,-1.0f,
0.0f,0.0f,-1.0f,
0.0f,0.0f,-1.0f,
0.0f,1.0e-6f,-1.0f,
0.0f,0.0f,-1.0f,
0.0f,1.0e-6f,-1.0f,
0.0f,1.0e-6f,-1.0f,
0.0f,0.0f,-1.0f,
0.0f,1.0e-6f,-1.0f,
0.0f,-1.0e-6f,-1.0f,
0.0f,0.0f,-1.0f,
0.0f,-1.0e-6f,-1.0f,
0.0f,0.0f,-1.0f,
0.0f,1.0e-6f,-1.0f,
0.0f,0.0f,-1.0f,
0.0f,1.0e-6f,-1.0f,
0.0f,-1.0e-6f,-1.0f,
0.0f,1.0e-6f,-1.0f,
0.0f,-1.0e-6f,-1.0f,
0.0f,0.0f,-1.0f,
0.0f,0.0f,-1.0f,
0.0f,0.0f,-1.0f,
0.0f,0.0f,-1.0f,
0.0f,1.0e-6f,-1.0f,
0.0f,0.0f,-1.0f,
0.0f,-1.0e-6f,-1.0f,
0.0f,0.0f,-1.0f,
0.0f,0.0f,-1.0f,
0.0f,-3.0e-6f,-1.0f,
0.0f,1.0e-6f,-1.0f,
0.0f,-3.0e-6f,-1.0f,
0.0f,1.0e-6f,-1.0f,
0.0f,0.0f,-1.0f,
0.0f,0.0f,-1.0f,
0.0f,0.0f,-1.0f,
0.0f,0.0f,-1.0f,
